<?xml version="1.0" encoding="UTF-8"?>
<!DOCTYPE module PUBLIC "-//Puppy Crawl//DTD Check Configuration 1.3//EN" "http://www.puppycrawl.com/dtds/configuration_1_3.dtd">
<module name="Checker">
  <property name="severity" value="warning"/>
  <module name="TreeWalker">
    <module name="FileContentsHolder"/>
    <module name="JavadocMethod">
      <property name="severity" value="ignore"/>
      <property name="suppressLoadErrors" value="true"/>
      <metadata name="net.sf.eclipsecs.core.lastEnabledSeverity" value="inherit"/>
    </module>
    <module name="JavadocType">
      <property name="severity" value="ignore"/>
      <metadata name="net.sf.eclipsecs.core.lastEnabledSeverity" value="inherit"/>
    </module>
    <module name="JavadocVariable">
      <property name="severity" value="ignore"/>
      <metadata name="net.sf.eclipsecs.core.lastEnabledSeverity" value="inherit"/>
    </module>
    <module name="JavadocStyle">
      <property name="severity" value="ignore"/>
      <metadata name="net.sf.eclipsecs.core.lastEnabledSeverity" value="inherit"/>
    </module>
    <module name="LocalFinalVariableName"/>
    <module name="LocalVariableName"/>
    <module name="ConstantName"/>
    <module name="MemberName"/>
    <module name="MethodName"/>
    <module name="PackageName">
      <property name="format" value="^au.com.iag(\.[a-z][a-z0-9]+)*$"/>
    </module>
    <module name="ParameterName"/>
    <module name="StaticVariableName"/>
    <module name="TypeName"/>
    <module name="AvoidStarImport"/>
    <module name="IllegalImport">
      <property name="severity" value="error"/>
      <property name="illegalPkgs" value="org.hibernate"/>
    </module>
    <module name="RedundantImport"/>
    <module name="UnusedImports"/>
    <module name="ImportControl">
      <property name="file" value="${config_loc}/import-control.xml"/>
    </module>
    <module name="ImportOrder">
      <property name="option" value="top"/>
      <property name="groups" value="java,javax,net,org,au,com,freemarker"/>
    </module>
    <module name="LineLength">
      <property name="ignorePattern" value="^import|^package"/>
      <property name="max" value="190"/>
    </module>
    <module name="MethodLength">
      <property name="max" value="30"/>
    </module>
    <module name="ParameterNumber">
      <property name="max" value="3"/>
    </module>
    <module name="EmptyForIteratorPad"/>
    <module name="MethodParamPad"/>
    <module name="NoWhitespaceAfter">
      <property name="tokens" value="BNOT,DEC,DOT,INC,LNOT,UNARY_MINUS,UNARY_PLUS"/>
    </module>
    <module name="NoWhitespaceBefore"/>
    <module name="OperatorWrap"/>
    <module name="ParenPad"/>
    <module name="TypecastParenPad"/>
    <module name="WhitespaceAfter"/>
    <module name="WhitespaceAround"/>
    <module name="ModifierOrder"/>
    <module name="RedundantModifier"/>
    <module name="AvoidNestedBlocks"/>
    <module name="EmptyBlock"/>
    <module name="LeftCurly"/>
    <module name="NeedBraces"/>
    <module name="RightCurly"/>
    <module name="ArrayTypeStyle"/>
    <module name="CyclomaticComplexity">
      <property name="max" value="5"/>
    </module>
    <module name="EmptyStatement"/>
    <module name="EqualsHashCode"/>
    <module name="FinalClass"/>
    <module name="Regexp">
      <property name="format" value="^\r^\n\s$"/>
      <property name="message" value="Line has trailing spaces."/>
      <property name="illegalPattern" value="true"/>
    </module>
    <module name="Regexp">
      <property name="format" value="System\.((outd|err))\."/>
      <property name="message" value="System.out/err. should be replaced with logger debugging."/>
      <property name="illegalPattern" value="true"/>
    </module>
    <module name="Regexp">
      <property name="format" value="\.printStackTrace\(\s*\)"/>
      <property name="message" value="printStackTrace directs output to the console and should be replaced with logger debugging."/>
      <property name="illegalPattern" value="true"/>
    </module>
    <module name="Regexp">
      <property name="severity" value="error"/>
      <property name="format" value="public class * \w*Util"/>
      <property name="message" value="No Util class allowed"/>
      <property name="illegalPattern" value="true"/>
    </module>
    <module name="Regexp">
      <property name="severity" value="error"/>
      <property name="format" value="public class * \w*Help"/>
      <property name="message" value="No Help class allowed"/>
      <property name="illegalPattern" value="true"/>
    </module>
    <module name="HiddenField">
      <property name="ignoreConstructorParameter" value="true"/>
      <property name="ignoreSetter" value="true"/>
    </module>
    <module name="HideUtilityClassConstructor"/>
    <module name="Indentation"/>
    <module name="IllegalInstantiation">
      <property name="classes" value="java.lang.Boolean,java.lang.String"/>
    </module>
    <module name="IllegalCatch">
      <property name="illegalClassNames" value="java.lang.Exception, java.lang.Throwable, java.lang.RuntimeException, java.lang.NullPointerException"/>
    </module>
    <module name="IllegalThrows">
      <property name="illegalClassNames" value="java.lang.Error, java.lang.RuntimeException, java.lang.Throwable"/>
    </module>
    <module name="InnerAssignment"/>
    <module name="InterfaceIsType"/>
    <module name="MagicNumber"/>
    <module name="MissingSwitchDefault"/>
    <module name="NestedIfDepth">
      <property name="max" value="2"/>
    </module>
    <module name="NestedTryDepth">
      <property name="max" value="2"/>
    </module>
    <module name="PackageDeclaration"/>
    <module name="ParameterAssignment"/>
    <module name="ReturnCount">
      <property name="max" value="3"/>
      <property name="maxForVoid" value="3"/>
    </module>
    <module name="SimplifyBooleanExpression"/>
    <module name="SimplifyBooleanReturn"/>
    <module name="SuperClone"/>
    <module name="SuperFinalize"/>
    <module name="UnnecessaryParentheses"/>
    <module name="UpperEll"/>
    <module name="MethodLength"/>
    <module name="MethodLength">
      <property name="max" value="30"/>
    </module>
    <module name="Regexp">
      <property name="severity" value="error"/>
      <property name="format" value="(?ms)^package\s*au\.com\.iag(\.|\w(?!\.web\.|\.integration\.))+\.(model){1}.*javax\.servlet"/>
      <property name="message" value="No javax.servlet in the following packages: au.com.iag.*.model.*."/>
      <property name="illegalPattern" value="true"/>
    </module>
    <module name="Regexp">
      <property name="severity" value="error"/>
      <property name="format" value="(?ms)^package\s*au\.com\.iag[\.\w]+\.(service|integration){1}.*javax\.servlet"/>
      <property name="message" value="No javax.servlet in the following packages: au.com.iag.*.(service|integration).*."/>
      <property name="illegalPattern" value="true"/>
    </module>
    <module name="Regexp">
      <property name="severity" value="error"/>
      <property name="format" value="(?ms)^package\s*au\.com\.iag(\.|\w(?!\.web\.|\.integration\.))+\.model.*(@Controller|@Service|@Component|@Repository|@Autowired)"/>
      <property name="message" value="No @Controller or @Service or @Component or @Repository or @Autowired in the following package au.com.iag.*.model.*."/>
      <property name="illegalPattern" value="true"/>
    </module>
    <module name="Regexp">
      <property name="severity" value="error"/>
      <property name="format" value="(?ms)^package\s*au\.com\.iag[\.\w]+\.web\..*(@Service|@Repository)"/>
      <property name="message" value="No @Service or @Repository in the following package au.com.iag.*.web.*."/>
      <property name="illegalPattern" value="true"/>
    </module>
    <module name="Regexp">
      <property name="severity" value="error"/>
      <property name="format" value="(?ms)^package\s*au\.com\.iag[\.\w]+\.service.*(@Controller|@Repository)"/>
      <property name="message" value="No @Controller or @Repository in the following package au.com.iag.*.service.*."/>
      <property name="illegalPattern" value="true"/>
    </module>
    <module name="Regexp">
      <property name="severity" value="error"/>
      <property name="format" value="(?ms)^package\s*au\.com\.iag[\.\w]+\.integration.*(@Controller|@Service)"/>
      <property name="message" value="No @Controller or @Service in the following package au.com.iag.*.integration.*."/>
      <property name="illegalPattern" value="true"/>
    </module>
    <module name="Regexp">
      <property name="severity" value="error"/>
      <property name="format" value="(?ms)^package\s*au\.com\.iag(\.|\w(?!\.web\.|\.integration\.))+\.model.*^import\s+au\.com\.iag[\.\w]+\.(web|service|integration)"/>
      <property name="message" value="No au.com.iag.*.(service|web|integration).* in the following package au.com.iag.*.model.*."/>
      <property name="illegalPattern" value="true"/>
    </module>
    <module name="Regexp">
      <property name="severity" value="error"/>
      <property name="format" value="(?ms)^package\s*au\.com\.iag(\.|\w(?!\.(integration|webservice)\.))+;.*import\s+(com\.iag\.inquiry\.request\.|iag\.enterprise\.|reinstatement\.|reinstatementservice\.|iplusheader\.|au\.org\.anzlic\.namf09\.)"/>
      <property name="message" value="No external system interaction outside of the package au.com.iag.*.integration.*."/>
      <property name="illegalPattern" value="true"/>
    </module>
    <module name="Regexp">
      <property name="severity" value="error"/>
      <property name="format" value="class\s+\w+Test(\s|\{){1}"/>
      <property name="message" value="No test classes outside src\test\java."/>
      <property name="illegalPattern" value="true"/>
    </module>
    <module name="Regexp">
      <property name="severity" value="error"/>
      <property name="format" value="(?ms)^package\s+au\.com\.iag(\.|\w(?!\.integration\.))+\.(web|ws){1}\..*import\s+au\.com\.iag(\.|\w(?!\.exceptions\.))+\.(integration){1}"/>
      <property name="message" value="No integration in the following packages: au.com.iag.*.(web|ws).*."/>
      <property name="illegalPattern" value="true"/>
    </module>
    <module name="Regexp">
      <property name="severity" value="error"/>
      <property name="format" value="(?ms)^package\s*au\.com\.iag[\.\w]+\.integration.*au\.com\.iag[\.\w]+\.(web\.|service\.)"/>
      <property name="message" value="No au.com.iag.*.(service|web).* in the following package au.com.iag.*.integration.*."/>
      <property name="illegalPattern" value="true"/>
    </module>
    <module name="Regexp">
      <property name="severity" value="error"/>
      <property name="format" value="(?ms)^package\s*au\.com\.iag[\.\w]+.*import\s*(org\.h2\.util\.StringUtils|com\.ibm\.icu\.|com\.google\.common\.)"/>
      <property name="message" value="No importing org.h2.util.StringUtils or com.ibm.icn.math or com.google.common"/>
      <property name="illegalPattern" value="true"/>
    </module>
  </module>
  <module name="SuppressionFilter">
    <property name="file" value="${config_loc}/suppressions.xml"/>
  </module>
  <module name="SuppressionCommentFilter">
    <property name="offCommentFormat" value="CHECKSTYLE.OFF\: ([\w\|]+)"/>
    <property name="onCommentFormat" value="CHECKSTYLE.ON\: ([\w\|]+)"/>
    <property name="checkFormat" value="$1"/>
  </module>
  <module name="FileLength"/>
  <module name="FileTabCharacter">
    <property name="eachLine" value="true"/>
    <property name="fileExtensions" value="java,ftl,sql,xml,html,dml,ddl,properties,txt,js"/>
  </module>
  <module name="Translation"/>
</module>
