<?xml version="1.0"?>

<!DOCTYPE import-control PUBLIC
    "-//Puppy Crawl//DTD Import Control 1.1//EN"
    "import_control_1_1.dtd">

<import-control pkg="au.com.iag">
    <allow pkg="au" />
    <allow pkg="com" />
    <allow pkg="java" />
    <allow pkg="javax" />
    <allow pkg="org" />
	<allow pkg="net" />
    <allow pkg="freemarker" />
	<allow pkg="cgu" />
	<allow pkg="iag" />
	<allow pkg="oasis" />
	<allow pkg="corp" />
	<allow pkg="policyperformance" />
	<allow pkg="policyperformanceservice" />
	<allow pkg="oneoffpayment" />
	<allow pkg="oneoffpaymentservice" />
	<allow pkg="com.ssp.services" />
	<allow pkg="iplusheader" />
	<allow pkg="japa" />      
	<allow pkg="liquibase" />  
	<allow pkg="ma" />  
	<allow pkg="io" />
	<allow pkg="springfox" />  	
	<allow pkg="brave" />
	<allow pkg="lombok" />
</import-control>
