<?xml version="1.0"?>

<!DOCTYPE suppressions PUBLIC 
    "-//Puppy Crawl//DTD Suppressions 1.1//EN"
    "http://www.puppycrawl.com/dtds/suppressions_1_1.dtd">

<!--
This file controls the check style exceptions across CUDOS/DREX projects.
The exception should be based on a rule by rule bases; e.g. I want to suppress file F from rules R1 and rule R2 checks rather than saying I want to suppress file F from all checks.
Carefully consider adding a new file on here when finding an easy to implement alternative is impossible (or close to).
Please discuss with the team before adding a new entry in this file.
-->

<suppressions>
	
	<!-- supress all rules for generated classes -->
	<suppress checks=".*" files="src[\\/]main[\\/]generated[\\/]"/>
    <suppress checks=".*" files="src[\\/]main[\\/]java[\\/]au[\\/]com[\\/]iag[\\/]core[\\/]model[\\/]integration[\\/]"/>
    <suppress checks=".*" files="src[\\/]main[\\/]java[\\/]au[\\/]com[\\/]iag[\\/]core[\\/]model[\\/]crods[\\/]"/>
	<suppress checks=".*" files="src[\\/]main[\\/]integration[\\/]"/>
	
	<suppress checks=".*" files="src[\\/]test[\\/]java[\\/]"/>

    <suppress checks="ParameterNumber" files=".+API.java"/>
    <suppress checks="ParameterNumber" files=".+Controller.java"/>
	<suppress checks="MagicNumber" files=".+Controller.java"/>
    <suppress checks="IllegalCatch" files=".+Controller.java"/>
    <suppress checks="MagicNumber" files="src[\\/]test[\\/]"/>

</suppressions>
