{
  "dynamic_ranges": [
    {
      "range": {
        "max_value": {
          "type": "ABSOLUTE",
          "value": 1985133
        },
        "min_value": {
          "type": "ABSOLUTE",
          "value": 1124909
        }
      },
      "ref_id": "pc:25907",
      "ref_name": "PPBuildingSumInsuredRange"
    },
    {
      "range": {
        "max_value": {
          "type": "ABSOLUTE",
          "value": 229095
        },
        "min_value": {
          "type": "ABSOLUTE",
          "value": 76365
        }
      },
      "ref_id": "pc:23405",
      "ref_name": "PPContentsSumInsuredRange"
    }
  ],
  "dynamic_ref_data_lists": [
    {
      "ref_id": "pc:25907",
      "ref_name": "StandardExcess",
      "value_list": [
        {
          "code": "300",
          "position": 300
        },
        {
          "code": "400",
          "position": 400
        },
        {
          "code": "500",
          "position": 500
        },
        {
          "code": "600",
          "position": 600
        },
        {
          "code": "750",
          "position": 750
        },
        {
          "code": "850",
          "position": 850
        },
        {
          "code": "1000",
          "position": 1000
        },
        {
          "code": "1500",
          "position": 1500
        },
        {
          "code": "2000",
          "position": 2000
        },
        {
          "code": "2500",
          "position": 2500
        },
        {
          "code": "3000",
          "position": 3000
        },
        {
          "code": "5000",
          "position": 5000
        },
        {
          "code": "10000",
          "position": 10000
        }
      ]
    },
    {
      "ref_id": "pc:23405",
      "ref_name": "StandardExcess",
      "value_list": [
        {
          "code": "300",
          "position": 300
        },
        {
          "code": "400",
          "position": 400
        },
        {
          "code": "500",
          "position": 500
        },
        {
          "code": "600",
          "position": 600
        },
        {
          "code": "750",
          "position": 750
        },
        {
          "code": "850",
          "position": 850
        },
        {
          "code": "1000",
          "position": 1000
        },
        {
          "code": "1500",
          "position": 1500
        },
        {
          "code": "2000",
          "position": 2000
        },
        {
          "code": "2500",
          "position": 2500
        },
        {
          "code": "3000",
          "position": 3000
        },
        {
          "code": "5000",
          "position": 5000
        },
        {
          "code": "10000",
          "position": 10000
        }
      ]
    },
    {
      "ref_id": "pc:25907",
      "ref_name": "CoverTypeList",
      "value_list": [
        {
          "code": "BUILDING_SILVER",
          "position": 20
        }
      ]
    },
    {
      "ref_id": "pc:23405",
      "ref_name": "CoverTypeList",
      "value_list": [
        {
          "code": "CONTENTS_SILVER",
          "position": 20
        }
      ]
    }
  ],
  "dynamic_sections": [
    {
      "dynamic_sub_sections": [
        {
          "biz_constraints": {},
          "dynamic_section_ref": "BuildingTheftCoverage",
          "name": "theft"
        },
        {
          "biz_constraints": {},
          "dynamic_section_ref": "BuildingEarthquakeCoverage",
          "name": "earthquake"
        },
        {
          "biz_constraints": {},
          "dynamic_section_ref": "BuildingFireCoverage",
          "name": "fire"
        },
        {
          "biz_constraints": {},
          "dynamic_section_ref": "BuildingFloodCoverage",
          "name": "flood"
        },
        {
          "biz_constraints": {},
          "dynamic_section_ref": "BuildingReplacemntLocksCoverage",
          "name": "replacement_locks"
        },
        {
          "biz_constraints": {},
          "dynamic_section_ref": "BuildingTempAccomodationCoverage",
          "name": "temporary_accommodation"
        },
        {
          "biz_constraints": {},
          "dynamic_section_ref": "BuildingWaterEscapeCoverage",
          "name": "water_escape"
        },
        {
          "biz_constraints": {},
          "dynamic_section_ref": "BuildingAccidentalDamageCoverage",
          "name": "accidental_damage"
        },
        {
          "biz_constraints": {},
          "dynamic_section_ref": "BuildingElectricalBurnoutCoverage",
          "name": "electrical_burnout"
        },
        {
          "biz_constraints": {},
          "dynamic_section_ref": "BuildingAccBreakofGlassCoverage",
          "name": "accidental_breakage_of_glass"
        },
        {
          "biz_constraints": {},
          "dynamic_section_ref": "BuildingAnimalDamageCoverage",
          "name": "animal_damage"
        },
        {
          "biz_constraints": {},
          "dynamic_section_ref": "BuildingBushfireCoverage",
          "name": "bushfire"
        },
        {
          "biz_constraints": {},
          "dynamic_section_ref": "BuildingBuyNewHomeCoverage",
          "name": "buy_new_home"
        },
        {
          "biz_constraints": {},
          "dynamic_section_ref": "BuildingCycloneCoverage",
          "name": "cyclone"
        },
        {
          "biz_constraints": {},
          "dynamic_section_ref": "BuildingDeathBenefitCoverage",
          "name": "death_benefit"
        },
        {
          "biz_constraints": {},
          "dynamic_section_ref": "BuildingDebrisRemovalCoverage",
          "name": "debris_removal"
        },
        {
          "biz_constraints": {},
          "dynamic_section_ref": "BuildingExplosionCoverage",
          "name": "explosion"
        },
        {
          "biz_constraints": {},
          "dynamic_section_ref": "BuildingImpactDamageCoverage",
          "name": "impact_damage"
        },
        {
          "biz_constraints": {},
          "dynamic_section_ref": "BuildingIntentionalActsCoverage",
          "name": "intentional_acts"
        },
        {
          "biz_constraints": {},
          "dynamic_section_ref": "BuildingLandScapingCoverage",
          "name": "landscaping"
        },
        {
          "biz_constraints": {},
          "dynamic_section_ref": "BuildingLandslipCoverage",
          "name": "landslip"
        },
        {
          "biz_constraints": {},
          "dynamic_section_ref": "BuildingLiabilityCoverage",
          "name": "liability"
        },
        {
          "biz_constraints": {},
          "dynamic_section_ref": "BuildingLightningCoverage",
          "name": "lightning"
        },
        {
          "biz_constraints": {},
          "dynamic_section_ref": "BuildingLocatingDamageCoverage",
          "name": "locating_damage"
        },
        {
          "biz_constraints": {},
          "dynamic_section_ref": "BuildingMeetingRegulationsCoverage",
          "name": "meeting_regulations"
        },
        {
          "biz_constraints": {},
          "dynamic_section_ref": "BuildingRebuildingFeesCoverage",
          "name": "rebuilding_fees"
        },
        {
          "biz_constraints": {},
          "dynamic_section_ref": "BuildingRiotCoverage",
          "name": "riot"
        },
        {
          "biz_constraints": {},
          "dynamic_section_ref": "BuildingStormCoverage",
          "name": "storm"
        },
        {
          "biz_constraints": {},
          "dynamic_section_ref": "BuildingStormSurgeCoverage",
          "name": "storm_surge"
        },
        {
          "biz_constraints": {},
          "dynamic_section_ref": "BuildingTsunamiCoverage",
          "name": "tsunami"
        },
        {
          "biz_constraints": {},
          "dynamic_section_ref": "BuildingsMortgageCoverage",
          "name": "mortgage"
        },
        {
          "biz_constraints": {},
          "dynamic_section_ref": "BuildingsPhoneAssistanceCoverage",
          "name": "phone_assistance"
        }
      ],
      "ref_id": "pc:25907",
      "ref_name": "BuildingCoverages"
    },
    {
      "fields": [
        {
          "biz_constraints": {
            "ref_data_list": {
              "name": "coverage_category"
            }
          },
          "editable": false,
          "name": "category",
          "tech_constraints": {
            "data_type": "string"
          }
        },
        {
          "biz_constraints": {},
          "editable": false,
          "name": "selected",
          "tech_constraints": {
            "data_type": "boolean"
          }
        }
      ],
      "ref_id": "pc:25907",
      "ref_name": "BuildingTheftCoverage"
    },
    {
      "fields": [
        {
          "biz_constraints": {
            "ref_data_list": {
              "name": "coverage_category"
            }
          },
          "editable": false,
          "name": "category",
          "tech_constraints": {
            "data_type": "string"
          }
        },
        {
          "biz_constraints": {},
          "editable": false,
          "name": "selected",
          "tech_constraints": {
            "data_type": "boolean"
          }
        }
      ],
      "ref_id": "pc:25907",
      "ref_name": "BuildingEarthquakeCoverage"
    },
    {
      "fields": [
        {
          "biz_constraints": {
            "ref_data_list": {
              "name": "coverage_category"
            }
          },
          "editable": false,
          "name": "category",
          "tech_constraints": {
            "data_type": "string"
          }
        },
        {
          "biz_constraints": {},
          "editable": false,
          "name": "selected",
          "tech_constraints": {
            "data_type": "boolean"
          }
        }
      ],
      "ref_id": "pc:25907",
      "ref_name": "BuildingFireCoverage"
    },
    {
      "fields": [
        {
          "biz_constraints": {
            "ref_data_list": {
              "name": "coverage_category"
            }
          },
          "editable": false,
          "name": "category",
          "tech_constraints": {
            "data_type": "string"
          }
        },
        {
          "biz_constraints": {},
          "editable": false,
          "name": "selected",
          "tech_constraints": {
            "data_type": "boolean"
          }
        }
      ],
      "ref_id": "pc:25907",
      "ref_name": "BuildingFloodCoverage"
    },
    {
      "fields": [
        {
          "biz_constraints": {
            "ref_data_list": {
              "name": "coverage_category"
            }
          },
          "editable": false,
          "name": "category",
          "tech_constraints": {
            "data_type": "string"
          }
        },
        {
          "biz_constraints": {},
          "editable": false,
          "name": "selected",
          "tech_constraints": {
            "data_type": "boolean"
          }
        }
      ],
      "ref_id": "pc:25907",
      "ref_name": "BuildingReplacemntLocksCoverage"
    },
    {
      "fields": [
        {
          "biz_constraints": {
            "ref_data_list": {
              "name": "coverage_category"
            }
          },
          "editable": false,
          "name": "category",
          "tech_constraints": {
            "data_type": "string"
          }
        },
        {
          "biz_constraints": {},
          "editable": false,
          "name": "selected",
          "tech_constraints": {
            "data_type": "boolean"
          }
        },
        {
          "ask_if": [
            {
              "conditions": [
                {
                  "field_reference": {
                    "path": "assets.home_assets[0].building.coverages.temporary_accommodation.selected"
                  },
                  "operator": "EQUALS",
                  "value": "true"
                }
              ]
            }
          ],
          "biz_constraints": {
            "ref_data_list": {
              "name": "PPBuildingTempAccomodationCov_PPBuildingTempAccomodationLimit",
              "value_list": [
                {
                  "code": "10",
                  "position": 200
                }
              ]
            }
          },
          "name": "building_temporary_accomodation",
          "tech_constraints": {
            "data_type": "string"
          }
        }
      ],
      "ref_id": "pc:25907",
      "ref_name": "BuildingTempAccomodationCoverage"
    },
    {
      "fields": [
        {
          "biz_constraints": {
            "ref_data_list": {
              "name": "coverage_category"
            }
          },
          "editable": false,
          "name": "category",
          "tech_constraints": {
            "data_type": "string"
          }
        },
        {
          "biz_constraints": {},
          "editable": false,
          "name": "selected",
          "tech_constraints": {
            "data_type": "boolean"
          }
        }
      ],
      "ref_id": "pc:25907",
      "ref_name": "BuildingWaterEscapeCoverage"
    },
    {
      "fields": [
        {
          "biz_constraints": {
            "ref_data_list": {
              "name": "coverage_category"
            }
          },
          "editable": false,
          "name": "category",
          "tech_constraints": {
            "data_type": "string"
          }
        },
        {
          "biz_constraints": {},
          "name": "selected",
          "tech_constraints": {
            "data_type": "boolean"
          }
        }
      ],
      "ref_id": "pc:25907",
      "ref_name": "BuildingAccidentalDamageCoverage"
    },
    {
      "fields": [
        {
          "biz_constraints": {
            "ref_data_list": {
              "name": "coverage_category"
            }
          },
          "editable": false,
          "name": "category",
          "tech_constraints": {
            "data_type": "string"
          }
        },
        {
          "biz_constraints": {},
          "name": "selected",
          "tech_constraints": {
            "data_type": "boolean"
          }
        }
      ],
      "ref_id": "pc:25907",
      "ref_name": "BuildingElectricalBurnoutCoverage"
    },
    {
      "fields": [
        {
          "biz_constraints": {
            "ref_data_list": {
              "name": "coverage_category"
            }
          },
          "editable": false,
          "name": "category",
          "tech_constraints": {
            "data_type": "string"
          }
        },
        {
          "biz_constraints": {},
          "editable": false,
          "name": "selected",
          "tech_constraints": {
            "data_type": "boolean"
          }
        }
      ],
      "ref_id": "pc:25907",
      "ref_name": "BuildingAccBreakofGlassCoverage"
    },
    {
      "fields": [
        {
          "biz_constraints": {
            "ref_data_list": {
              "name": "coverage_category"
            }
          },
          "editable": false,
          "name": "category",
          "tech_constraints": {
            "data_type": "string"
          }
        },
        {
          "biz_constraints": {},
          "editable": false,
          "name": "selected",
          "tech_constraints": {
            "data_type": "boolean"
          }
        }
      ],
      "ref_id": "pc:25907",
      "ref_name": "BuildingAnimalDamageCoverage"
    },
    {
      "fields": [
        {
          "biz_constraints": {
            "ref_data_list": {
              "name": "coverage_category"
            }
          },
          "editable": false,
          "name": "category",
          "tech_constraints": {
            "data_type": "string"
          }
        },
        {
          "biz_constraints": {},
          "editable": false,
          "name": "selected",
          "tech_constraints": {
            "data_type": "boolean"
          }
        }
      ],
      "ref_id": "pc:25907",
      "ref_name": "BuildingBushfireCoverage"
    },
    {
      "fields": [
        {
          "biz_constraints": {
            "ref_data_list": {
              "name": "coverage_category"
            }
          },
          "editable": false,
          "name": "category",
          "tech_constraints": {
            "data_type": "string"
          }
        },
        {
          "biz_constraints": {},
          "editable": false,
          "name": "selected",
          "tech_constraints": {
            "data_type": "boolean"
          }
        },
        {
          "ask_if": [
            {
              "conditions": [
                {
                  "field_reference": {
                    "path": "assets.home_assets[0].building.coverages.buy_new_home.selected"
                  },
                  "operator": "EQUALS",
                  "value": "true"
                }
              ]
            }
          ],
          "biz_constraints": {
            "ref_data_list": {
              "name": "PPBuildingBuyNewHomeCov_PPBuildingBuyHomeLimit",
              "value_list": [
                {
                  "code": "90",
                  "position": 100
                }
              ]
            }
          },
          "name": "building_buy_new_home",
          "tech_constraints": {
            "data_type": "string"
          }
        }
      ],
      "ref_id": "pc:25907",
      "ref_name": "BuildingBuyNewHomeCoverage"
    },
    {
      "fields": [
        {
          "biz_constraints": {
            "ref_data_list": {
              "name": "coverage_category"
            }
          },
          "editable": false,
          "name": "category",
          "tech_constraints": {
            "data_type": "string"
          }
        },
        {
          "biz_constraints": {},
          "editable": false,
          "name": "selected",
          "tech_constraints": {
            "data_type": "boolean"
          }
        }
      ],
      "ref_id": "pc:25907",
      "ref_name": "BuildingCycloneCoverage"
    },
    {
      "fields": [
        {
          "biz_constraints": {
            "ref_data_list": {
              "name": "coverage_category"
            }
          },
          "editable": false,
          "name": "category",
          "tech_constraints": {
            "data_type": "string"
          }
        },
        {
          "biz_constraints": {},
          "editable": false,
          "name": "selected",
          "tech_constraints": {
            "data_type": "boolean"
          }
        },
        {
          "ask_if": [
            {
              "conditions": [
                {
                  "field_reference": {
                    "path": "assets.home_assets[0].building.coverages.death_benefit.selected"
                  },
                  "operator": "EQUALS",
                  "value": "true"
                }
              ]
            }
          ],
          "biz_constraints": {
            "ref_data_list": {
              "name": "PPBuildingDeathBenefitCov_PPBuildingDeathBenefitLimit",
              "value_list": [
                {
                  "code": "10000",
                  "position": 200
                }
              ]
            }
          },
          "name": "building_death_benefit",
          "tech_constraints": {
            "data_type": "string"
          }
        }
      ],
      "ref_id": "pc:25907",
      "ref_name": "BuildingDeathBenefitCoverage"
    },
    {
      "fields": [
        {
          "biz_constraints": {
            "ref_data_list": {
              "name": "coverage_category"
            }
          },
          "editable": false,
          "name": "category",
          "tech_constraints": {
            "data_type": "string"
          }
        },
        {
          "biz_constraints": {},
          "editable": false,
          "name": "selected",
          "tech_constraints": {
            "data_type": "boolean"
          }
        },
        {
          "ask_if": [
            {
              "conditions": [
                {
                  "field_reference": {
                    "path": "assets.home_assets[0].building.coverages.debris_removal.selected"
                  },
                  "operator": "EQUALS",
                  "value": "true"
                }
              ]
            }
          ],
          "biz_constraints": {
            "ref_data_list": {
              "name": "PPBuildingDebrisRemovalCov_PPBuildingDebrisRemovalLimit",
              "value_list": [
                {
                  "code": "10",
                  "position": 100
                }
              ]
            }
          },
          "name": "bulding_debris_removal",
          "tech_constraints": {
            "data_type": "string"
          }
        }
      ],
      "ref_id": "pc:25907",
      "ref_name": "BuildingDebrisRemovalCoverage"
    },
    {
      "fields": [
        {
          "biz_constraints": {
            "ref_data_list": {
              "name": "coverage_category"
            }
          },
          "editable": false,
          "name": "category",
          "tech_constraints": {
            "data_type": "string"
          }
        },
        {
          "biz_constraints": {},
          "editable": false,
          "name": "selected",
          "tech_constraints": {
            "data_type": "boolean"
          }
        }
      ],
      "ref_id": "pc:25907",
      "ref_name": "BuildingExplosionCoverage"
    },
    {
      "fields": [
        {
          "biz_constraints": {
            "ref_data_list": {
              "name": "coverage_category"
            }
          },
          "editable": false,
          "name": "category",
          "tech_constraints": {
            "data_type": "string"
          }
        },
        {
          "biz_constraints": {},
          "editable": false,
          "name": "selected",
          "tech_constraints": {
            "data_type": "boolean"
          }
        }
      ],
      "ref_id": "pc:25907",
      "ref_name": "BuildingImpactDamageCoverage"
    },
    {
      "fields": [
        {
          "biz_constraints": {
            "ref_data_list": {
              "name": "coverage_category"
            }
          },
          "editable": false,
          "name": "category",
          "tech_constraints": {
            "data_type": "string"
          }
        },
        {
          "biz_constraints": {},
          "editable": false,
          "name": "selected",
          "tech_constraints": {
            "data_type": "boolean"
          }
        }
      ],
      "ref_id": "pc:25907",
      "ref_name": "BuildingIntentionalActsCoverage"
    },
    {
      "fields": [
        {
          "biz_constraints": {
            "ref_data_list": {
              "name": "coverage_category"
            }
          },
          "editable": false,
          "name": "category",
          "tech_constraints": {
            "data_type": "string"
          }
        },
        {
          "biz_constraints": {},
          "editable": false,
          "name": "selected",
          "tech_constraints": {
            "data_type": "boolean"
          }
        },
        {
          "ask_if": [
            {
              "conditions": [
                {
                  "field_reference": {
                    "path": "assets.home_assets[0].building.coverages.landscaping.selected"
                  },
                  "operator": "EQUALS",
                  "value": "true"
                }
              ]
            }
          ],
          "biz_constraints": {
            "ref_data_list": {
              "name": "PPBuildingLandscapingCov_PPBuildingLandscapingLimit",
              "value_list": [
                {
                  "code": "1500",
                  "position": 200
                }
              ]
            }
          },
          "name": "building_landscaping",
          "tech_constraints": {
            "data_type": "string"
          }
        }
      ],
      "ref_id": "pc:25907",
      "ref_name": "BuildingLandScapingCoverage"
    },
    {
      "fields": [
        {
          "biz_constraints": {
            "ref_data_list": {
              "name": "coverage_category"
            }
          },
          "editable": false,
          "name": "category",
          "tech_constraints": {
            "data_type": "string"
          }
        },
        {
          "biz_constraints": {},
          "editable": false,
          "name": "selected",
          "tech_constraints": {
            "data_type": "boolean"
          }
        }
      ],
      "ref_id": "pc:25907",
      "ref_name": "BuildingLandslipCoverage"
    },
    {
      "fields": [
        {
          "biz_constraints": {
            "ref_data_list": {
              "name": "coverage_category"
            }
          },
          "editable": false,
          "name": "category",
          "tech_constraints": {
            "data_type": "string"
          }
        },
        {
          "biz_constraints": {},
          "editable": false,
          "name": "selected",
          "tech_constraints": {
            "data_type": "boolean"
          }
        },
        {
          "ask_if": [
            {
              "conditions": [
                {
                  "field_reference": {
                    "path": "assets.home_assets[0].building.coverages.liability.selected"
                  },
                  "operator": "EQUALS",
                  "value": "true"
                }
              ]
            }
          ],
          "biz_constraints": {
            "ref_data_list": {
              "name": "PPBuildingLiabilityCov_PPBuildingLiabilityLimit",
              "value_list": [
                {
                  "code": "20",
                  "position": 100
                }
              ]
            }
          },
          "name": "building_liability",
          "tech_constraints": {
            "data_type": "string"
          }
        }
      ],
      "ref_id": "pc:25907",
      "ref_name": "BuildingLiabilityCoverage"
    },
    {
      "fields": [
        {
          "biz_constraints": {
            "ref_data_list": {
              "name": "coverage_category"
            }
          },
          "editable": false,
          "name": "category",
          "tech_constraints": {
            "data_type": "string"
          }
        },
        {
          "biz_constraints": {},
          "editable": false,
          "name": "selected",
          "tech_constraints": {
            "data_type": "boolean"
          }
        }
      ],
      "ref_id": "pc:25907",
      "ref_name": "BuildingLightningCoverage"
    },
    {
      "fields": [
        {
          "biz_constraints": {
            "ref_data_list": {
              "name": "coverage_category"
            }
          },
          "editable": false,
          "name": "category",
          "tech_constraints": {
            "data_type": "string"
          }
        },
        {
          "biz_constraints": {},
          "editable": false,
          "name": "selected",
          "tech_constraints": {
            "data_type": "boolean"
          }
        }
      ],
      "ref_id": "pc:25907",
      "ref_name": "BuildingLocatingDamageCoverage"
    },
    {
      "fields": [
        {
          "biz_constraints": {
            "ref_data_list": {
              "name": "coverage_category"
            }
          },
          "editable": false,
          "name": "category",
          "tech_constraints": {
            "data_type": "string"
          }
        },
        {
          "biz_constraints": {},
          "editable": false,
          "name": "selected",
          "tech_constraints": {
            "data_type": "boolean"
          }
        }
      ],
      "ref_id": "pc:25907",
      "ref_name": "BuildingMeetingRegulationsCoverage"
    },
    {
      "fields": [
        {
          "biz_constraints": {
            "ref_data_list": {
              "name": "coverage_category"
            }
          },
          "editable": false,
          "name": "category",
          "tech_constraints": {
            "data_type": "string"
          }
        },
        {
          "biz_constraints": {},
          "editable": false,
          "name": "selected",
          "tech_constraints": {
            "data_type": "boolean"
          }
        }
      ],
      "ref_id": "pc:25907",
      "ref_name": "BuildingRebuildingFeesCoverage"
    },
    {
      "fields": [
        {
          "biz_constraints": {
            "ref_data_list": {
              "name": "coverage_category"
            }
          },
          "editable": false,
          "name": "category",
          "tech_constraints": {
            "data_type": "string"
          }
        },
        {
          "biz_constraints": {},
          "editable": false,
          "name": "selected",
          "tech_constraints": {
            "data_type": "boolean"
          }
        }
      ],
      "ref_id": "pc:25907",
      "ref_name": "BuildingRiotCoverage"
    },
    {
      "fields": [
        {
          "biz_constraints": {
            "ref_data_list": {
              "name": "coverage_category"
            }
          },
          "editable": false,
          "name": "category",
          "tech_constraints": {
            "data_type": "string"
          }
        },
        {
          "biz_constraints": {},
          "editable": false,
          "name": "selected",
          "tech_constraints": {
            "data_type": "boolean"
          }
        }
      ],
      "ref_id": "pc:25907",
      "ref_name": "BuildingStormCoverage"
    },
    {
      "fields": [
        {
          "biz_constraints": {
            "ref_data_list": {
              "name": "coverage_category"
            }
          },
          "editable": false,
          "name": "category",
          "tech_constraints": {
            "data_type": "string"
          }
        },
        {
          "biz_constraints": {},
          "editable": false,
          "name": "selected",
          "tech_constraints": {
            "data_type": "boolean"
          }
        }
      ],
      "ref_id": "pc:25907",
      "ref_name": "BuildingStormSurgeCoverage"
    },
    {
      "fields": [
        {
          "biz_constraints": {
            "ref_data_list": {
              "name": "coverage_category"
            }
          },
          "editable": false,
          "name": "category",
          "tech_constraints": {
            "data_type": "string"
          }
        },
        {
          "biz_constraints": {},
          "editable": false,
          "name": "selected",
          "tech_constraints": {
            "data_type": "boolean"
          }
        }
      ],
      "ref_id": "pc:25907",
      "ref_name": "BuildingTsunamiCoverage"
    },
    {
      "fields": [
        {
          "biz_constraints": {
            "ref_data_list": {
              "name": "coverage_category"
            }
          },
          "editable": false,
          "name": "category",
          "tech_constraints": {
            "data_type": "string"
          }
        },
        {
          "biz_constraints": {},
          "editable": false,
          "name": "selected",
          "tech_constraints": {
            "data_type": "boolean"
          }
        }
      ],
      "ref_id": "pc:25907",
      "ref_name": "BuildingsMortgageCoverage"
    },
    {
      "fields": [
        {
          "biz_constraints": {
            "ref_data_list": {
              "name": "coverage_category"
            }
          },
          "editable": false,
          "name": "category",
          "tech_constraints": {
            "data_type": "string"
          }
        },
        {
          "biz_constraints": {},
          "editable": false,
          "name": "selected",
          "tech_constraints": {
            "data_type": "boolean"
          }
        }
      ],
      "ref_id": "pc:25907",
      "ref_name": "BuildingsPhoneAssistanceCoverage"
    },
    {
      "dynamic_sub_sections": [
        {
          "biz_constraints": {},
          "dynamic_section_ref": "ContentsEarthquakeCoverage",
          "name": "earthquake"
        },
        {
          "biz_constraints": {},
          "dynamic_section_ref": "ContentsFireCoverage",
          "name": "fire"
        },
        {
          "biz_constraints": {},
          "dynamic_section_ref": "ContentsFloodCoverage",
          "name": "flood"
        },
        {
          "biz_constraints": {},
          "dynamic_section_ref": "ContentsReplacementLocksCoverage",
          "name": "replacement_locks"
        },
        {
          "biz_constraints": {},
          "dynamic_section_ref": "ContentsTempAccomodationCoverage",
          "name": "temporary_accommodation"
        },
        {
          "biz_constraints": {},
          "dynamic_section_ref": "ContentsTheftCoverage",
          "name": "theft"
        },
        {
          "biz_constraints": {},
          "dynamic_section_ref": "ContentsWaterEscapeCoverage",
          "name": "water_escape"
        },
        {
          "biz_constraints": {},
          "dynamic_section_ref": "ContentsAccidentalDamageCoverage",
          "name": "accidental_damage"
        },
        {
          "biz_constraints": {},
          "dynamic_section_ref": "ContentsElectricalBurnoutCoverage",
          "name": "electrical_burnout"
        },
        {
          "biz_constraints": {},
          "dynamic_section_ref": "ContentsAccBreakofGlassCoverage",
          "name": "accidental_breakage_of_glass"
        },
        {
          "biz_constraints": {},
          "dynamic_section_ref": "ContentsAccDamageTransitCoverage",
          "name": "accidental_damage_transit"
        },
        {
          "biz_constraints": {},
          "dynamic_section_ref": "ContentsAnimalDamageCoverage",
          "name": "animal_damage"
        },
        {
          "biz_constraints": {},
          "dynamic_section_ref": "ContentsAwayfromHomeCoverage",
          "name": "away_from_home"
        },
        {
          "biz_constraints": {},
          "dynamic_section_ref": "ContentsBushfireCov",
          "name": "bushfire"
        },
        {
          "biz_constraints": {},
          "dynamic_section_ref": "ContentsCreditCardTheftCoverage",
          "name": "credit_card_theft"
        },
        {
          "biz_constraints": {},
          "dynamic_section_ref": "ContentsCycloneCoverage",
          "name": "cyclone"
        },
        {
          "biz_constraints": {},
          "dynamic_section_ref": "ContentsDeathBenefitCoverage",
          "name": "death_benefit"
        },
        {
          "biz_constraints": {},
          "dynamic_section_ref": "ContentsDebrisRemovalCoverage",
          "name": "debris_removal"
        },
        {
          "biz_constraints": {},
          "dynamic_section_ref": "ContentsExplosionCoverage",
          "name": "explosion"
        },
        {
          "biz_constraints": {},
          "dynamic_section_ref": "ContentsFoodSpoilageCoverage",
          "name": "food_spoilage"
        },
        {
          "biz_constraints": {},
          "dynamic_section_ref": "ContentsIdentityTheftCoverage",
          "name": "identity_theft"
        },
        {
          "biz_constraints": {},
          "dynamic_section_ref": "ContentsImpactDamageCoverage",
          "name": "impact_damage"
        },
        {
          "biz_constraints": {},
          "dynamic_section_ref": "PPContentsIntentionalActsCoverage",
          "name": "intentional_acts"
        },
        {
          "biz_constraints": {},
          "dynamic_section_ref": "ContentsLandslipCoverage",
          "name": "landslip"
        },
        {
          "biz_constraints": {},
          "dynamic_section_ref": "ContentsLiabilityCoverage",
          "name": "liability"
        },
        {
          "biz_constraints": {},
          "dynamic_section_ref": "ContentsLightningCoverage",
          "name": "lightning"
        },
        {
          "biz_constraints": {},
          "dynamic_section_ref": "ContentsMoneyDocCoverage",
          "name": "money_financial_documents"
        },
        {
          "biz_constraints": {},
          "dynamic_section_ref": "ContentsNewHomeCoverage",
          "name": "new_home"
        },
        {
          "biz_constraints": {},
          "dynamic_section_ref": "ContentsPhoneAssistanceCoverage",
          "name": "phone_assistance"
        },
        {
          "biz_constraints": {},
          "dynamic_section_ref": "ContentsRiotCoverage",
          "name": "riot"
        },
        {
          "biz_constraints": {},
          "dynamic_section_ref": "ContentsStorageCostsCoverage",
          "name": "storage_costs"
        },
        {
          "biz_constraints": {},
          "dynamic_section_ref": "ContentsStormCoverage",
          "name": "storm"
        },
        {
          "biz_constraints": {},
          "dynamic_section_ref": "ContentsStormSurgeCoverage",
          "name": "storm_surge"
        },
        {
          "biz_constraints": {},
          "dynamic_section_ref": "ContentsStudentsAwayCoverage",
          "name": "students_away"
        },
        {
          "biz_constraints": {},
          "dynamic_section_ref": "ContentsToolsofTradeCoverage",
          "name": "tools_of_trade"
        },
        {
          "biz_constraints": {},
          "dynamic_section_ref": "ContentsTsunamiCoverage",
          "name": "tsunami"
        },
        {
          "biz_constraints": {},
          "dynamic_section_ref": "ContentsUnattachedAccessoriesCoverage",
          "name": "unattached_accessories"
        },
        {
          "biz_constraints": {},
          "dynamic_section_ref": "ContentsVisitorBelongingsCoverage",
          "name": "visitor_belongings"
        },
        {
          "biz_constraints": {},
          "dynamic_section_ref": "ContentsinOpenAirCoverage",
          "name": "contents_in_open_air"
        },
        {
          "biz_constraints": {},
          "dynamic_section_ref": "PPContentsinStorageCoverage",
          "name": "contents_in_storage"
        },
        {
          "biz_constraints": {},
          "dynamic_section_ref": "PPContentsinTransitCoverage",
          "name": "contents_in_transit"
        },
        {
          "biz_constraints": {},
          "dynamic_section_ref": "ContentsValuablesCoverage",
          "name": "valuables"
        }
      ],
      "ref_id": "pc:23405",
      "ref_name": "ContentsCoverages"
    },
    {
      "fields": [
        {
          "biz_constraints": {
            "ref_data_list": {
              "name": "coverage_category"
            }
          },
          "editable": false,
          "name": "category",
          "tech_constraints": {
            "data_type": "string"
          }
        },
        {
          "biz_constraints": {},
          "editable": false,
          "name": "selected",
          "tech_constraints": {
            "data_type": "boolean"
          }
        }
      ],
      "ref_id": "pc:23405",
      "ref_name": "ContentsEarthquakeCoverage"
    },
    {
      "fields": [
        {
          "biz_constraints": {
            "ref_data_list": {
              "name": "coverage_category"
            }
          },
          "editable": false,
          "name": "category",
          "tech_constraints": {
            "data_type": "string"
          }
        },
        {
          "biz_constraints": {},
          "editable": false,
          "name": "selected",
          "tech_constraints": {
            "data_type": "boolean"
          }
        }
      ],
      "ref_id": "pc:23405",
      "ref_name": "ContentsFireCoverage"
    },
    {
      "fields": [
        {
          "biz_constraints": {
            "ref_data_list": {
              "name": "coverage_category"
            }
          },
          "editable": false,
          "name": "category",
          "tech_constraints": {
            "data_type": "string"
          }
        },
        {
          "biz_constraints": {},
          "editable": false,
          "name": "selected",
          "tech_constraints": {
            "data_type": "boolean"
          }
        }
      ],
      "ref_id": "pc:23405",
      "ref_name": "ContentsFloodCoverage"
    },
    {
      "fields": [
        {
          "biz_constraints": {
            "ref_data_list": {
              "name": "coverage_category"
            }
          },
          "editable": false,
          "name": "category",
          "tech_constraints": {
            "data_type": "string"
          }
        },
        {
          "biz_constraints": {},
          "editable": false,
          "name": "selected",
          "tech_constraints": {
            "data_type": "boolean"
          }
        }
      ],
      "ref_id": "pc:23405",
      "ref_name": "ContentsReplacementLocksCoverage"
    },
    {
      "fields": [
        {
          "biz_constraints": {
            "ref_data_list": {
              "name": "coverage_category"
            }
          },
          "editable": false,
          "name": "category",
          "tech_constraints": {
            "data_type": "string"
          }
        },
        {
          "biz_constraints": {},
          "editable": false,
          "name": "selected",
          "tech_constraints": {
            "data_type": "boolean"
          }
        },
        {
          "ask_if": [
            {
              "conditions": [
                {
                  "field_reference": {
                    "path": "assets.home_assets[0].contents.coverages.temporary_accommodation.selected"
                  },
                  "operator": "EQUALS",
                  "value": "true"
                }
              ]
            }
          ],
          "biz_constraints": {
            "ref_data_list": {
              "name": "PPContentsTempAccomodationCov_PPContentsTempAccomodationLimit",
              "value_list": [
                {
                  "code": "10",
                  "position": 200
                }
              ]
            }
          },
          "name": "contents_temporary_accommodation",
          "tech_constraints": {
            "data_type": "string"
          }
        }
      ],
      "ref_id": "pc:23405",
      "ref_name": "ContentsTempAccomodationCoverage"
    },
    {
      "fields": [
        {
          "biz_constraints": {
            "ref_data_list": {
              "name": "coverage_category"
            }
          },
          "editable": false,
          "name": "category",
          "tech_constraints": {
            "data_type": "string"
          }
        },
        {
          "biz_constraints": {},
          "editable": false,
          "name": "selected",
          "tech_constraints": {
            "data_type": "boolean"
          }
        }
      ],
      "ref_id": "pc:23405",
      "ref_name": "ContentsTheftCoverage"
    },
    {
      "fields": [
        {
          "biz_constraints": {
            "ref_data_list": {
              "name": "coverage_category"
            }
          },
          "editable": false,
          "name": "category",
          "tech_constraints": {
            "data_type": "string"
          }
        },
        {
          "biz_constraints": {},
          "editable": false,
          "name": "selected",
          "tech_constraints": {
            "data_type": "boolean"
          }
        }
      ],
      "ref_id": "pc:23405",
      "ref_name": "ContentsWaterEscapeCoverage"
    },
    {
      "fields": [
        {
          "biz_constraints": {
            "ref_data_list": {
              "name": "coverage_category"
            }
          },
          "editable": false,
          "name": "category",
          "tech_constraints": {
            "data_type": "string"
          }
        },
        {
          "biz_constraints": {},
          "name": "selected",
          "tech_constraints": {
            "data_type": "boolean"
          }
        }
      ],
      "ref_id": "pc:23405",
      "ref_name": "ContentsAccidentalDamageCoverage"
    },
    {
      "fields": [
        {
          "biz_constraints": {
            "ref_data_list": {
              "name": "coverage_category"
            }
          },
          "editable": false,
          "name": "category",
          "tech_constraints": {
            "data_type": "string"
          }
        },
        {
          "biz_constraints": {},
          "name": "selected",
          "tech_constraints": {
            "data_type": "boolean"
          }
        }
      ],
      "ref_id": "pc:23405",
      "ref_name": "ContentsElectricalBurnoutCoverage"
    },
    {
      "fields": [
        {
          "biz_constraints": {
            "ref_data_list": {
              "name": "coverage_category"
            }
          },
          "editable": false,
          "name": "category",
          "tech_constraints": {
            "data_type": "string"
          }
        },
        {
          "biz_constraints": {},
          "editable": false,
          "name": "selected",
          "tech_constraints": {
            "data_type": "boolean"
          }
        }
      ],
      "ref_id": "pc:23405",
      "ref_name": "ContentsAccBreakofGlassCoverage"
    },
    {
      "fields": [
        {
          "biz_constraints": {
            "ref_data_list": {
              "name": "coverage_category"
            }
          },
          "editable": false,
          "name": "category",
          "tech_constraints": {
            "data_type": "string"
          }
        },
        {
          "biz_constraints": {},
          "editable": false,
          "name": "selected",
          "tech_constraints": {
            "data_type": "boolean"
          }
        },
        {
          "ask_if": [
            {
              "conditions": [
                {
                  "field_reference": {
                    "path": "assets.home_assets[0].contents.coverages.accidental_damage_transit.selected"
                  },
                  "operator": "EQUALS",
                  "value": "true"
                }
              ]
            }
          ],
          "biz_constraints": {
            "ref_data_list": {
              "name": "PPContentsAccDamageTransitCov_PPContentsAccDamageTransitLimit",
              "value_list": [
                {
                  "code": "10000",
                  "position": 100
                }
              ]
            }
          },
          "name": "contents_accidental_damage_transit",
          "tech_constraints": {
            "data_type": "string"
          }
        }
      ],
      "ref_id": "pc:23405",
      "ref_name": "ContentsAccDamageTransitCoverage"
    },
    {
      "fields": [
        {
          "biz_constraints": {
            "ref_data_list": {
              "name": "coverage_category"
            }
          },
          "editable": false,
          "name": "category",
          "tech_constraints": {
            "data_type": "string"
          }
        },
        {
          "biz_constraints": {},
          "editable": false,
          "name": "selected",
          "tech_constraints": {
            "data_type": "boolean"
          }
        }
      ],
      "ref_id": "pc:23405",
      "ref_name": "ContentsAnimalDamageCoverage"
    },
    {
      "fields": [
        {
          "biz_constraints": {
            "ref_data_list": {
              "name": "coverage_category"
            }
          },
          "editable": false,
          "name": "category",
          "tech_constraints": {
            "data_type": "string"
          }
        },
        {
          "biz_constraints": {},
          "editable": false,
          "name": "selected",
          "tech_constraints": {
            "data_type": "boolean"
          }
        },
        {
          "ask_if": [
            {
              "conditions": [
                {
                  "field_reference": {
                    "path": "assets.home_assets[0].contents.coverages.away_from_home.selected"
                  },
                  "operator": "EQUALS",
                  "value": "true"
                }
              ]
            }
          ],
          "biz_constraints": {
            "ref_data_list": {
              "name": "PPContentsAwayfromHomeCov_PPContentsAwayfromHomeLimit",
              "value_list": [
                {
                  "code": "20",
                  "position": 100
                }
              ]
            }
          },
          "name": "contents_away_from_home",
          "tech_constraints": {
            "data_type": "string"
          }
        }
      ],
      "ref_id": "pc:23405",
      "ref_name": "ContentsAwayfromHomeCoverage"
    },
    {
      "fields": [
        {
          "biz_constraints": {
            "ref_data_list": {
              "name": "coverage_category"
            }
          },
          "editable": false,
          "name": "category",
          "tech_constraints": {
            "data_type": "string"
          }
        },
        {
          "biz_constraints": {},
          "editable": false,
          "name": "selected",
          "tech_constraints": {
            "data_type": "boolean"
          }
        }
      ],
      "ref_id": "pc:23405",
      "ref_name": "ContentsBushfireCov"
    },
    {
      "fields": [
        {
          "biz_constraints": {
            "ref_data_list": {
              "name": "coverage_category"
            }
          },
          "editable": false,
          "name": "category",
          "tech_constraints": {
            "data_type": "string"
          }
        },
        {
          "biz_constraints": {},
          "editable": false,
          "name": "selected",
          "tech_constraints": {
            "data_type": "boolean"
          }
        },
        {
          "ask_if": [
            {
              "conditions": [
                {
                  "field_reference": {
                    "path": "assets.home_assets[0].contents.coverages.credit_card_theft.selected"
                  },
                  "operator": "EQUALS",
                  "value": "true"
                }
              ]
            }
          ],
          "biz_constraints": {
            "ref_data_list": {
              "name": "PPContentsCreditCardTheftCov_PPContentsCreditCardTheftLimit",
              "value_list": [
                {
                  "code": "2500",
                  "position": 200
                }
              ]
            }
          },
          "name": "contents_credit_card_theft",
          "tech_constraints": {
            "data_type": "string"
          }
        }
      ],
      "ref_id": "pc:23405",
      "ref_name": "ContentsCreditCardTheftCoverage"
    },
    {
      "fields": [
        {
          "biz_constraints": {
            "ref_data_list": {
              "name": "coverage_category"
            }
          },
          "editable": false,
          "name": "category",
          "tech_constraints": {
            "data_type": "string"
          }
        },
        {
          "biz_constraints": {},
          "editable": false,
          "name": "selected",
          "tech_constraints": {
            "data_type": "boolean"
          }
        }
      ],
      "ref_id": "pc:23405",
      "ref_name": "ContentsCycloneCoverage"
    },
    {
      "fields": [
        {
          "biz_constraints": {
            "ref_data_list": {
              "name": "coverage_category"
            }
          },
          "editable": false,
          "name": "category",
          "tech_constraints": {
            "data_type": "string"
          }
        },
        {
          "biz_constraints": {},
          "editable": false,
          "name": "selected",
          "tech_constraints": {
            "data_type": "boolean"
          }
        },
        {
          "ask_if": [
            {
              "conditions": [
                {
                  "field_reference": {
                    "path": "assets.home_assets[0].contents.coverages.death_benefit.selected"
                  },
                  "operator": "EQUALS",
                  "value": "true"
                }
              ]
            }
          ],
          "biz_constraints": {
            "ref_data_list": {
              "name": "PPContentsDeathBenefitCov_PPContentsDeathBenefitLimit",
              "value_list": [
                {
                  "code": "10000",
                  "position": 200
                }
              ]
            }
          },
          "name": "contents_death_benefit",
          "tech_constraints": {
            "data_type": "string"
          }
        }
      ],
      "ref_id": "pc:23405",
      "ref_name": "ContentsDeathBenefitCoverage"
    },
    {
      "fields": [
        {
          "biz_constraints": {
            "ref_data_list": {
              "name": "coverage_category"
            }
          },
          "editable": false,
          "name": "category",
          "tech_constraints": {
            "data_type": "string"
          }
        },
        {
          "biz_constraints": {},
          "editable": false,
          "name": "selected",
          "tech_constraints": {
            "data_type": "boolean"
          }
        },
        {
          "ask_if": [
            {
              "conditions": [
                {
                  "field_reference": {
                    "path": "assets.home_assets[0].contents.coverages.debris_removal.selected"
                  },
                  "operator": "EQUALS",
                  "value": "true"
                }
              ]
            }
          ],
          "biz_constraints": {
            "ref_data_list": {
              "name": "PPContentsDebrisRemovalCov_PPContentsDebrisRemovalLimit",
              "value_list": [
                {
                  "code": "10",
                  "position": 100
                }
              ]
            }
          },
          "name": "contents_debris_removal",
          "tech_constraints": {
            "data_type": "string"
          }
        }
      ],
      "ref_id": "pc:23405",
      "ref_name": "ContentsDebrisRemovalCoverage"
    },
    {
      "fields": [
        {
          "biz_constraints": {
            "ref_data_list": {
              "name": "coverage_category"
            }
          },
          "editable": false,
          "name": "category",
          "tech_constraints": {
            "data_type": "string"
          }
        },
        {
          "biz_constraints": {},
          "editable": false,
          "name": "selected",
          "tech_constraints": {
            "data_type": "boolean"
          }
        }
      ],
      "ref_id": "pc:23405",
      "ref_name": "ContentsExplosionCoverage"
    },
    {
      "fields": [
        {
          "biz_constraints": {
            "ref_data_list": {
              "name": "coverage_category"
            }
          },
          "editable": false,
          "name": "category",
          "tech_constraints": {
            "data_type": "string"
          }
        },
        {
          "biz_constraints": {},
          "editable": false,
          "name": "selected",
          "tech_constraints": {
            "data_type": "boolean"
          }
        },
        {
          "ask_if": [
            {
              "conditions": [
                {
                  "field_reference": {
                    "path": "assets.home_assets[0].contents.coverages.food_spoilage.selected"
                  },
                  "operator": "EQUALS",
                  "value": "true"
                }
              ]
            }
          ],
          "biz_constraints": {
            "ref_data_list": {
              "name": "PPContentsFoodSpoilageCov_PPContentsFoodSpoilageLimit",
              "value_list": [
                {
                  "code": "500",
                  "position": 200
                }
              ]
            }
          },
          "name": "contents_food_spoilage",
          "tech_constraints": {
            "data_type": "string"
          }
        }
      ],
      "ref_id": "pc:23405",
      "ref_name": "ContentsFoodSpoilageCoverage"
    },
    {
      "fields": [
        {
          "biz_constraints": {
            "ref_data_list": {
              "name": "coverage_category"
            }
          },
          "editable": false,
          "name": "category",
          "tech_constraints": {
            "data_type": "string"
          }
        },
        {
          "biz_constraints": {},
          "editable": false,
          "name": "selected",
          "tech_constraints": {
            "data_type": "boolean"
          }
        },
        {
          "ask_if": [
            {
              "conditions": [
                {
                  "field_reference": {
                    "path": "assets.home_assets[0].contents.coverages.identity_theft.selected"
                  },
                  "operator": "EQUALS",
                  "value": "true"
                }
              ]
            }
          ],
          "biz_constraints": {
            "ref_data_list": {
              "name": "PPContentsIdentityTheftCov_PPContentsIdentityTheftLimit",
              "value_list": [
                {
                  "code": "2500",
                  "position": 200
                }
              ]
            }
          },
          "name": "contents_identity_theft",
          "tech_constraints": {
            "data_type": "string"
          }
        }
      ],
      "ref_id": "pc:23405",
      "ref_name": "ContentsIdentityTheftCoverage"
    },
    {
      "fields": [
        {
          "biz_constraints": {
            "ref_data_list": {
              "name": "coverage_category"
            }
          },
          "editable": false,
          "name": "category",
          "tech_constraints": {
            "data_type": "string"
          }
        },
        {
          "biz_constraints": {},
          "editable": false,
          "name": "selected",
          "tech_constraints": {
            "data_type": "boolean"
          }
        }
      ],
      "ref_id": "pc:23405",
      "ref_name": "ContentsImpactDamageCoverage"
    },
    {
      "fields": [
        {
          "biz_constraints": {
            "ref_data_list": {
              "name": "coverage_category"
            }
          },
          "editable": false,
          "name": "category",
          "tech_constraints": {
            "data_type": "string"
          }
        },
        {
          "biz_constraints": {},
          "editable": false,
          "name": "selected",
          "tech_constraints": {
            "data_type": "boolean"
          }
        }
      ],
      "ref_id": "pc:23405",
      "ref_name": "PPContentsIntentionalActsCoverage"
    },
    {
      "fields": [
        {
          "biz_constraints": {
            "ref_data_list": {
              "name": "coverage_category"
            }
          },
          "editable": false,
          "name": "category",
          "tech_constraints": {
            "data_type": "string"
          }
        },
        {
          "biz_constraints": {},
          "editable": false,
          "name": "selected",
          "tech_constraints": {
            "data_type": "boolean"
          }
        }
      ],
      "ref_id": "pc:23405",
      "ref_name": "ContentsLandslipCoverage"
    },
    {
      "fields": [
        {
          "biz_constraints": {
            "ref_data_list": {
              "name": "coverage_category"
            }
          },
          "editable": false,
          "name": "category",
          "tech_constraints": {
            "data_type": "string"
          }
        },
        {
          "biz_constraints": {},
          "editable": false,
          "name": "selected",
          "tech_constraints": {
            "data_type": "boolean"
          }
        },
        {
          "ask_if": [
            {
              "conditions": [
                {
                  "field_reference": {
                    "path": "assets.home_assets[0].contents.coverages.liability.selected"
                  },
                  "operator": "EQUALS",
                  "value": "true"
                }
              ]
            }
          ],
          "biz_constraints": {
            "ref_data_list": {
              "name": "PPContentsLiabilityCov_PPContentsLiabilityLimit",
              "value_list": [
                {
                  "code": "20",
                  "position": 100
                }
              ]
            }
          },
          "name": "contents_liability",
          "tech_constraints": {
            "data_type": "string"
          }
        }
      ],
      "ref_id": "pc:23405",
      "ref_name": "ContentsLiabilityCoverage"
    },
    {
      "fields": [
        {
          "biz_constraints": {
            "ref_data_list": {
              "name": "coverage_category"
            }
          },
          "editable": false,
          "name": "category",
          "tech_constraints": {
            "data_type": "string"
          }
        },
        {
          "biz_constraints": {},
          "editable": false,
          "name": "selected",
          "tech_constraints": {
            "data_type": "boolean"
          }
        }
      ],
      "ref_id": "pc:23405",
      "ref_name": "ContentsLightningCoverage"
    },
    {
      "fields": [
        {
          "biz_constraints": {
            "ref_data_list": {
              "name": "coverage_category"
            }
          },
          "editable": false,
          "name": "category",
          "tech_constraints": {
            "data_type": "string"
          }
        },
        {
          "biz_constraints": {},
          "editable": false,
          "name": "selected",
          "tech_constraints": {
            "data_type": "boolean"
          }
        },
        {
          "ask_if": [
            {
              "conditions": [
                {
                  "field_reference": {
                    "path": "assets.home_assets[0].contents.coverages.money_financial_documents.selected"
                  },
                  "operator": "EQUALS",
                  "value": "true"
                }
              ]
            }
          ],
          "biz_constraints": {
            "ref_data_list": {
              "name": "PPContentsMoneyDocCov_PPContentsMoneyDocLimitCov",
              "value_list": [
                {
                  "code": "1000",
                  "position": 200
                }
              ]
            }
          },
          "name": "contents_money_financial_documents",
          "tech_constraints": {
            "data_type": "string"
          }
        }
      ],
      "ref_id": "pc:23405",
      "ref_name": "ContentsMoneyDocCoverage"
    },
    {
      "fields": [
        {
          "biz_constraints": {
            "ref_data_list": {
              "name": "coverage_category"
            }
          },
          "editable": false,
          "name": "category",
          "tech_constraints": {
            "data_type": "string"
          }
        },
        {
          "biz_constraints": {},
          "editable": false,
          "name": "selected",
          "tech_constraints": {
            "data_type": "boolean"
          }
        },
        {
          "ask_if": [
            {
              "conditions": [
                {
                  "field_reference": {
                    "path": "assets.home_assets[0].contents.coverages.new_home.selected"
                  },
                  "operator": "EQUALS",
                  "value": "true"
                }
              ]
            }
          ],
          "biz_constraints": {
            "ref_data_list": {
              "name": "PPContentsNewHomeCov_PPContentsNewHomeLimit",
              "value_list": [
                {
                  "code": "14",
                  "position": 100
                }
              ]
            }
          },
          "name": "contents_new_home",
          "tech_constraints": {
            "data_type": "string"
          }
        }
      ],
      "ref_id": "pc:23405",
      "ref_name": "ContentsNewHomeCoverage"
    },
    {
      "fields": [
        {
          "biz_constraints": {
            "ref_data_list": {
              "name": "coverage_category"
            }
          },
          "editable": false,
          "name": "category",
          "tech_constraints": {
            "data_type": "string"
          }
        },
        {
          "biz_constraints": {},
          "editable": false,
          "name": "selected",
          "tech_constraints": {
            "data_type": "boolean"
          }
        }
      ],
      "ref_id": "pc:23405",
      "ref_name": "ContentsPhoneAssistanceCoverage"
    },
    {
      "fields": [
        {
          "biz_constraints": {
            "ref_data_list": {
              "name": "coverage_category"
            }
          },
          "editable": false,
          "name": "category",
          "tech_constraints": {
            "data_type": "string"
          }
        },
        {
          "biz_constraints": {},
          "editable": false,
          "name": "selected",
          "tech_constraints": {
            "data_type": "boolean"
          }
        }
      ],
      "ref_id": "pc:23405",
      "ref_name": "ContentsRiotCoverage"
    },
    {
      "fields": [
        {
          "biz_constraints": {
            "ref_data_list": {
              "name": "coverage_category"
            }
          },
          "editable": false,
          "name": "category",
          "tech_constraints": {
            "data_type": "string"
          }
        },
        {
          "biz_constraints": {},
          "editable": false,
          "name": "selected",
          "tech_constraints": {
            "data_type": "boolean"
          }
        },
        {
          "ask_if": [
            {
              "conditions": [
                {
                  "field_reference": {
                    "path": "assets.home_assets[0].contents.coverages.storage_costs.selected"
                  },
                  "operator": "EQUALS",
                  "value": "true"
                }
              ]
            }
          ],
          "biz_constraints": {
            "ref_data_list": {
              "name": "PPContentsStorageCostsCov_PPContentsStorageCostsLimit",
              "value_list": [
                {
                  "code": "12",
                  "position": 200
                }
              ]
            }
          },
          "name": "contents_storage_costs",
          "tech_constraints": {
            "data_type": "string"
          }
        }
      ],
      "ref_id": "pc:23405",
      "ref_name": "ContentsStorageCostsCoverage"
    },
    {
      "fields": [
        {
          "biz_constraints": {
            "ref_data_list": {
              "name": "coverage_category"
            }
          },
          "editable": false,
          "name": "category",
          "tech_constraints": {
            "data_type": "string"
          }
        },
        {
          "biz_constraints": {},
          "editable": false,
          "name": "selected",
          "tech_constraints": {
            "data_type": "boolean"
          }
        }
      ],
      "ref_id": "pc:23405",
      "ref_name": "ContentsStormCoverage"
    },
    {
      "fields": [
        {
          "biz_constraints": {
            "ref_data_list": {
              "name": "coverage_category"
            }
          },
          "editable": false,
          "name": "category",
          "tech_constraints": {
            "data_type": "string"
          }
        },
        {
          "biz_constraints": {},
          "editable": false,
          "name": "selected",
          "tech_constraints": {
            "data_type": "boolean"
          }
        }
      ],
      "ref_id": "pc:23405",
      "ref_name": "ContentsStormSurgeCoverage"
    },
    {
      "fields": [
        {
          "biz_constraints": {
            "ref_data_list": {
              "name": "coverage_category"
            }
          },
          "editable": false,
          "name": "category",
          "tech_constraints": {
            "data_type": "string"
          }
        },
        {
          "biz_constraints": {},
          "editable": false,
          "name": "selected",
          "tech_constraints": {
            "data_type": "boolean"
          }
        },
        {
          "ask_if": [
            {
              "conditions": [
                {
                  "field_reference": {
                    "path": "assets.home_assets[0].contents.coverages.students_away.selected"
                  },
                  "operator": "EQUALS",
                  "value": "true"
                }
              ]
            }
          ],
          "biz_constraints": {
            "ref_data_list": {
              "name": "PPContentsStudentsAwayCov_PPContentsStudentsAwayLimit",
              "value_list": [
                {
                  "code": "5000",
                  "position": 200
                }
              ]
            }
          },
          "name": "contents_students_away",
          "tech_constraints": {
            "data_type": "string"
          }
        }
      ],
      "ref_id": "pc:23405",
      "ref_name": "ContentsStudentsAwayCoverage"
    },
    {
      "fields": [
        {
          "biz_constraints": {
            "ref_data_list": {
              "name": "coverage_category"
            }
          },
          "editable": false,
          "name": "category",
          "tech_constraints": {
            "data_type": "string"
          }
        },
        {
          "biz_constraints": {},
          "editable": false,
          "name": "selected",
          "tech_constraints": {
            "data_type": "boolean"
          }
        },
        {
          "ask_if": [
            {
              "conditions": [
                {
                  "field_reference": {
                    "path": "assets.home_assets[0].contents.coverages.tools_of_trade.selected"
                  },
                  "operator": "EQUALS",
                  "value": "true"
                }
              ]
            }
          ],
          "biz_constraints": {
            "ref_data_list": {
              "name": "PPContentsToolsofTradeCov_PPContentsTradeToolsLimit",
              "value_list": [
                {
                  "code": "5000",
                  "position": 100
                }
              ]
            }
          },
          "name": "contents_tools_of_trade",
          "tech_constraints": {
            "data_type": "string"
          }
        }
      ],
      "ref_id": "pc:23405",
      "ref_name": "ContentsToolsofTradeCoverage"
    },
    {
      "fields": [
        {
          "biz_constraints": {
            "ref_data_list": {
              "name": "coverage_category"
            }
          },
          "editable": false,
          "name": "category",
          "tech_constraints": {
            "data_type": "string"
          }
        },
        {
          "biz_constraints": {},
          "editable": false,
          "name": "selected",
          "tech_constraints": {
            "data_type": "boolean"
          }
        }
      ],
      "ref_id": "pc:23405",
      "ref_name": "ContentsTsunamiCoverage"
    },
    {
      "fields": [
        {
          "biz_constraints": {
            "ref_data_list": {
              "name": "coverage_category"
            }
          },
          "editable": false,
          "name": "category",
          "tech_constraints": {
            "data_type": "string"
          }
        },
        {
          "biz_constraints": {},
          "editable": false,
          "name": "selected",
          "tech_constraints": {
            "data_type": "boolean"
          }
        },
        {
          "ask_if": [
            {
              "conditions": [
                {
                  "field_reference": {
                    "path": "assets.home_assets[0].contents.coverages.unattached_accessories.selected"
                  },
                  "operator": "EQUALS",
                  "value": "true"
                }
              ]
            }
          ],
          "biz_constraints": {
            "ref_data_list": {
              "name": "PPContentsUnattachedAccessoriesCov_PPContentsUnattachedKeysLimit",
              "value_list": [
                {
                  "code": "2000",
                  "position": 200
                }
              ]
            }
          },
          "name": "contents_unattached_accessories",
          "tech_constraints": {
            "data_type": "string"
          }
        }
      ],
      "ref_id": "pc:23405",
      "ref_name": "ContentsUnattachedAccessoriesCoverage"
    },
    {
      "fields": [
        {
          "biz_constraints": {
            "ref_data_list": {
              "name": "coverage_category"
            }
          },
          "editable": false,
          "name": "category",
          "tech_constraints": {
            "data_type": "string"
          }
        },
        {
          "biz_constraints": {},
          "editable": false,
          "name": "selected",
          "tech_constraints": {
            "data_type": "boolean"
          }
        },
        {
          "ask_if": [
            {
              "conditions": [
                {
                  "field_reference": {
                    "path": "assets.home_assets[0].contents.coverages.visitor_belongings.selected"
                  },
                  "operator": "EQUALS",
                  "value": "true"
                }
              ]
            }
          ],
          "biz_constraints": {
            "ref_data_list": {
              "name": "PPContentsVisitorBelongingsCov_PPContentsVisitorsBelongingsLimit",
              "value_list": [
                {
                  "code": "2500",
                  "position": 100
                }
              ]
            }
          },
          "name": "Iag_PPContentsVisitorsBelongingsLimit",
          "tech_constraints": {
            "data_type": "string"
          }
        }
      ],
      "ref_id": "pc:23405",
      "ref_name": "ContentsVisitorBelongingsCoverage"
    },
    {
      "fields": [
        {
          "biz_constraints": {
            "ref_data_list": {
              "name": "coverage_category"
            }
          },
          "editable": false,
          "name": "category",
          "tech_constraints": {
            "data_type": "string"
          }
        },
        {
          "biz_constraints": {},
          "editable": false,
          "name": "selected",
          "tech_constraints": {
            "data_type": "boolean"
          }
        },
        {
          "ask_if": [
            {
              "conditions": [
                {
                  "field_reference": {
                    "path": "assets.home_assets[0].contents.coverages.contents_in_open_air.selected"
                  },
                  "operator": "EQUALS",
                  "value": "true"
                }
              ]
            }
          ],
          "biz_constraints": {
            "ref_data_list": {
              "name": "PPContentsinOpenAir_PPContentsinAirLimit",
              "value_list": [
                {
                  "code": "20",
                  "position": 200
                }
              ]
            }
          },
          "name": "contents_in_open_air",
          "tech_constraints": {
            "data_type": "string"
          }
        }
      ],
      "ref_id": "pc:23405",
      "ref_name": "ContentsinOpenAirCoverage"
    },
    {
      "fields": [
        {
          "biz_constraints": {
            "ref_data_list": {
              "name": "coverage_category"
            }
          },
          "editable": false,
          "name": "category",
          "tech_constraints": {
            "data_type": "string"
          }
        },
        {
          "biz_constraints": {},
          "editable": false,
          "name": "selected",
          "tech_constraints": {
            "data_type": "boolean"
          }
        }
      ],
      "ref_id": "pc:23405",
      "ref_name": "PPContentsinStorageCoverage"
    },
    {
      "fields": [
        {
          "biz_constraints": {
            "ref_data_list": {
              "name": "coverage_category"
            }
          },
          "editable": false,
          "name": "category",
          "tech_constraints": {
            "data_type": "string"
          }
        },
        {
          "biz_constraints": {},
          "editable": false,
          "name": "selected",
          "tech_constraints": {
            "data_type": "boolean"
          }
        }
      ],
      "ref_id": "pc:23405",
      "ref_name": "PPContentsinTransitCoverage"
    },
    {
      "collections": [
        {
          "ask_if": [
            {
              "conditions": [
                {
                  "field_reference": {
                    "path": "assets.home_assets[*].contents.coverages.valuables.selected"
                  },
                  "operator": "EQUALS",
                  "value": "true"
                },
                {
                  "field_reference": {
                    "path": "assets.home_assets[0].contents.coverages.valuables.include_specified_items"
                  },
                  "operator": "EQUALS",
                  "value": "true"
                }
              ]
            }
          ],
          "biz_constraints": {},
          "name": "specified_items",
          "section_ref": "ValuableSpecifiedItems"
        },
        {
          "ask_if": [
            {
              "conditions": [
                {
                  "field_reference": {
                    "path": "assets.home_assets[*].contents.coverages.valuables.selected"
                  },
                  "operator": "EQUALS",
                  "value": "true"
                }
              ]
            }
          ],
          "biz_constraints": {},
          "name": "collections",
          "section_ref": "CollectionsValuableDetails"
        },
        {
          "ask_if": [
            {
              "conditions": [
                {
                  "field_reference": {
                    "path": "assets.home_assets[*].contents.coverages.valuables.selected"
                  },
                  "operator": "EQUALS",
                  "value": "true"
                }
              ]
            }
          ],
          "biz_constraints": {},
          "name": "jewellery_and_watches",
          "section_ref": "JewelleryValuableDetails"
        },
        {
          "ask_if": [
            {
              "conditions": [
                {
                  "field_reference": {
                    "path": "assets.home_assets[*].contents.coverages.valuables.selected"
                  },
                  "operator": "EQUALS",
                  "value": "true"
                }
              ]
            }
          ],
          "biz_constraints": {},
          "name": "works_of_art",
          "section_ref": "WorksOfArtValuableDetails"
        }
      ],
      "fields": [
        {
          "biz_constraints": {
            "ref_data_list": {
              "name": "coverage_category"
            }
          },
          "editable": false,
          "name": "category",
          "tech_constraints": {
            "data_type": "string"
          }
        },
        {
          "biz_constraints": {},
          "editable": false,
          "name": "selected",
          "tech_constraints": {
            "data_type": "boolean"
          }
        },
        {
          "ask_if": [
            {
              "conditions": [
                {
                  "field_reference": {
                    "path": "assets.home_assets[*].contents.coverages.valuables.selected"
                  },
                  "operator": "EQUALS",
                  "value": "true"
                }
              ]
            }
          ],
          "biz_constraints": {},
          "name": "increase_limit",
          "tech_constraints": {
            "data_type": "boolean"
          }
        },
        {
          "ask_if": [
            {
              "conditions": [
                {
                  "field_reference": {
                    "path": "assets.home_assets[0].contents.coverages.valuables.selected"
                  },
                  "operator": "EQUALS",
                  "value": "true"
                }
              ]
            }
          ],
          "biz_constraints": {},
          "editable": false,
          "name": "total_valuables_sum_insured",
          "optional": true,
          "tech_constraints": {
            "data_type": "decimal",
            "read_only": true
          }
        },
        {
          "ask_if": [
            {
              "conditions": [
                {
                  "field_reference": {
                    "path": "assets.home_assets[*].contents.coverages.valuables.selected"
                  },
                  "operator": "EQUALS",
                  "value": "true"
                },
                {
                  "field_reference": {
                    "path": "assets.home_assets[0].contents.coverages.valuables.collections.sum_insured"
                  },
                  "operator": "GREATER_THAN",
                  "value": "10000"
                }
              ]
            },
            {
              "conditions": [
                {
                  "field_reference": {
                    "path": "assets.home_assets[*].contents.coverages.valuables.selected"
                  },
                  "operator": "EQUALS",
                  "value": "true"
                },
                {
                  "field_reference": {
                    "path": "assets.home_assets[0].contents.coverages.valuables.jewellery_and_watches.sum_insured"
                  },
                  "operator": "GREATER_THAN",
                  "value": "10000"
                }
              ]
            },
            {
              "conditions": [
                {
                  "field_reference": {
                    "path": "assets.home_assets[*].contents.coverages.valuables.selected"
                  },
                  "operator": "EQUALS",
                  "value": "true"
                },
                {
                  "field_reference": {
                    "path": "assets.home_assets[0].contents.coverages.valuables.works_of_art.sum_insured"
                  },
                  "operator": "GREATER_THAN",
                  "value": "10000"
                }
              ]
            }
          ],
          "biz_constraints": {},
          "name": "include_specified_items",
          "optional": false,
          "tech_constraints": {
            "data_type": "boolean"
          }
        },
        {
          "ask_if": [
            {
              "conditions": [
                {
                  "field_reference": {
                    "path": "assets.home_assets[0].contents.coverages.valuables.selected"
                  },
                  "operator": "EQUALS",
                  "value": "true"
                }
              ]
            }
          ],
          "biz_constraints": {},
          "editable": false,
          "name": "total_specified_items_sum_insured",
          "optional": true,
          "tech_constraints": {
            "data_type": "decimal",
            "read_only": true
          }
        }
      ],
      "ref_id": "pc:23405",
      "ref_name": "ContentsValuablesCoverage"
    },
    {
      "fields": [
        {
          "biz_constraints": {
            "ref_data_list": {
              "name": "PPContentsValuablesCov_PPContentsValuablesCollectionsCategory",
              "value_list": [
                {
                  "code": "2500",
                  "position": 100
                }
              ]
            }
          },
          "name": "default_limit",
          "tech_constraints": {
            "data_type": "string"
          }
        },
        {
          "ask_if": [
            {
              "conditions": [
                {
                  "field_reference": {
                    "path": "assets.home_assets[0].contents.coverages.valuables.increase_limit"
                  },
                  "operator": "EQUALS",
                  "value": "true"
                }
              ]
            }
          ],
          "biz_constraints": {
            "range": {
              "max_value": {
                "type": "ABSOLUTE",
                "value": 99999999
              },
              "min_value": {
                "type": "ABSOLUTE",
                "value": 2500
              }
            },
            "validate_on_answer": true
          },
          "name": "sum_insured",
          "optional": true,
          "tech_constraints": {
            "data_type": "decimal"
          }
        }
      ],
      "ref_id": "pc:23405",
      "ref_name": "CollectionsValuableDetails"
    },
    {
      "fields": [
        {
          "biz_constraints": {
            "ref_data_list": {
              "name": "PPContentsValuablesCov_PPContentsValuablesJewelleryCategory",
              "value_list": [
                {
                  "code": "2500",
                  "position": 100
                }
              ]
            }
          },
          "name": "default_limit",
          "tech_constraints": {
            "data_type": "string"
          }
        },
        {
          "ask_if": [
            {
              "conditions": [
                {
                  "field_reference": {
                    "path": "assets.home_assets[0].contents.coverages.valuables.increase_limit"
                  },
                  "operator": "EQUALS",
                  "value": "true"
                }
              ]
            }
          ],
          "biz_constraints": {
            "range": {
              "max_value": {
                "type": "ABSOLUTE",
                "value": 99999999
              },
              "min_value": {
                "type": "ABSOLUTE",
                "value": 2500
              }
            },
            "validate_on_answer": true
          },
          "name": "sum_insured",
          "optional": true,
          "tech_constraints": {
            "data_type": "decimal"
          }
        }
      ],
      "ref_id": "pc:23405",
      "ref_name": "JewelleryValuableDetails"
    },
    {
      "fields": [
        {
          "biz_constraints": {
            "ref_data_list": {
              "name": "PPContentsValuablesCov_PPContentsValuablesWorksofArtCategory",
              "value_list": [
                {
                  "code": "2500",
                  "position": 100
                }
              ]
            }
          },
          "name": "default_limit",
          "tech_constraints": {
            "data_type": "string"
          }
        },
        {
          "ask_if": [
            {
              "conditions": [
                {
                  "field_reference": {
                    "path": "assets.home_assets[0].contents.coverages.valuables.increase_limit"
                  },
                  "operator": "EQUALS",
                  "value": "true"
                }
              ]
            }
          ],
          "biz_constraints": {
            "range": {
              "max_value": {
                "type": "ABSOLUTE",
                "value": 99999999
              },
              "min_value": {
                "type": "ABSOLUTE",
                "value": 2500
              }
            },
            "validate_on_answer": true
          },
          "name": "sum_insured",
          "optional": true,
          "tech_constraints": {
            "data_type": "decimal"
          }
        }
      ],
      "ref_id": "pc:23405",
      "ref_name": "WorksOfArtValuableDetails"
    },
    {
      "collections": [
        {
          "ask_if": [
            {
              "conditions": [
                {
                  "field_reference": {
                    "path": "assets.home_assets[0].contents.coverages.valuables.collections.sum_insured"
                  },
                  "operator": "GREATER_THAN",
                  "value": "10000"
                }
              ]
            }
          ],
          "biz_constraints": {},
          "name": "collections",
          "section_ref": "CollectionsValuableDetails"
        },
        {
          "ask_if": [
            {
              "conditions": [
                {
                  "field_reference": {
                    "path": "assets.home_assets[0].contents.coverages.valuables.jewellery_and_watches.sum_insured"
                  },
                  "operator": "GREATER_THAN",
                  "value": "10000"
                }
              ]
            }
          ],
          "biz_constraints": {},
          "name": "jewellery_and_watches",
          "section_ref": "JewelleryValuableDetails"
        },
        {
          "ask_if": [
            {
              "conditions": [
                {
                  "field_reference": {
                    "path": "assets.home_assets[0].contents.coverages.valuables.works_of_art.sum_insured"
                  },
                  "operator": "GREATER_THAN",
                  "value": "10000"
                }
              ]
            }
          ],
          "biz_constraints": {},
          "name": "works_of_art",
          "section_ref": "WorksOfArtValuableDetails"
        }
      ],
      "ref_id": "pc:23405",
      "ref_name": "ValuableSpecifiedItems"
    },
    {
      "fields": [
        {
          "biz_constraints": {
            "range": {
              "max_value": {
                "type": "ABSOLUTE",
                "value": 255
              },
              "min_value": {
                "type": "ABSOLUTE",
                "value": 1
              }
            }
          },
          "name": "description",
          "tech_constraints": {
            "data_type": "string"
          }
        },
        {
          "biz_constraints": {
            "range": {
              "max_value": {
                "type": "ABSOLUTE",
                "value": 99999999
              },
              "min_value": {
                "type": "ABSOLUTE",
                "value": 10000
              }
            },
            "validate_on_answer": true
          },
          "name": "sum_insured",
          "tech_constraints": {
            "data_type": "decimal"
          }
        },
        {
          "biz_constraints": {},
          "hidden": true,
          "name": "item_number",
          "optional": true,
          "tech_constraints": {
            "data_type": "integer"
          }
        }
      ],
      "ref_id": "pc:23405",
      "ref_name": "CollectionsValuableItem"
    },
    {
      "fields": [
        {
          "biz_constraints": {
            "range": {
              "max_value": {
                "type": "ABSOLUTE",
                "value": 255
              },
              "min_value": {
                "type": "ABSOLUTE",
                "value": 1
              }
            }
          },
          "name": "description",
          "tech_constraints": {
            "data_type": "string"
          }
        },
        {
          "biz_constraints": {
            "range": {
              "max_value": {
                "type": "ABSOLUTE",
                "value": 99999999
              },
              "min_value": {
                "type": "ABSOLUTE",
                "value": 10000
              }
            },
            "validate_on_answer": true
          },
          "name": "sum_insured",
          "tech_constraints": {
            "data_type": "decimal"
          }
        },
        {
          "biz_constraints": {},
          "hidden": true,
          "name": "item_number",
          "optional": true,
          "tech_constraints": {
            "data_type": "integer"
          }
        }
      ],
      "ref_id": "pc:23405",
      "ref_name": "JewelleryValuableItem"
    },
    {
      "fields": [
        {
          "biz_constraints": {
            "range": {
              "max_value": {
                "type": "ABSOLUTE",
                "value": 255
              },
              "min_value": {
                "type": "ABSOLUTE",
                "value": 1
              }
            }
          },
          "name": "description",
          "tech_constraints": {
            "data_type": "string"
          }
        },
        {
          "biz_constraints": {
            "range": {
              "max_value": {
                "type": "ABSOLUTE",
                "value": 99999999
              },
              "min_value": {
                "type": "ABSOLUTE",
                "value": 10000
              }
            },
            "validate_on_answer": true
          },
          "name": "sum_insured",
          "tech_constraints": {
            "data_type": "decimal"
          }
        },
        {
          "biz_constraints": {},
          "hidden": true,
          "name": "item_number",
          "optional": true,
          "tech_constraints": {
            "data_type": "integer"
          }
        }
      ],
      "ref_id": "pc:23405",
      "ref_name": "WorksOfArtValuableItem"
    },
    {
      "ref_id": "pc:26207"
    }
  ]
}