{
  "dynamic_ranges": [
    {
      "range": {
        "max_value": {
          "type": "ABSOLUTE",
          "value": 1985133
        },
        "min_value": {
          "type": "ABSOLUTE",
          "value": 1124909
        }
      },
      "ref_id": "pc:25835",
      "ref_name": "PPBuildingSumInsuredRange"
    }
  ],
  "dynamic_ref_data_lists": [
    {
      "ref_id": "pc:25835",
      "ref_name": "StandardExcess",
      "value_list": [
        {
          "code": "300",
          "position": 300
        },
        {
          "code": "400",
          "position": 400
        },
        {
          "code": "500",
          "position": 500
        },
        {
          "code": "600",
          "position": 600
        },
        {
          "code": "750",
          "position": 750
        },
        {
          "code": "850",
          "position": 850
        },
        {
          "code": "1000",
          "position": 1000
        },
        {
          "code": "1500",
          "position": 1500
        },
        {
          "code": "2000",
          "position": 2000
        },
        {
          "code": "2500",
          "position": 2500
        },
        {
          "code": "3000",
          "position": 3000
        },
        {
          "code": "5000",
          "position": 5000
        },
        {
          "code": "10000",
          "position": 10000
        }
      ]
    },
    {
      "ref_id": "pc:25835",
      "ref_name": "CoverTypeList",
      "value_list": [
        {
          "code": "BUILDING_SILVER",
          "position": 20
        }
      ]
    }
  ],
  "dynamic_sections": [
    {
      "dynamic_sub_sections": [
        {
          "biz_constraints": {},
          "dynamic_section_ref": "BuildingTheftCoverage",
          "name": "theft"
        },
        {
          "biz_constraints": {},
          "dynamic_section_ref": "BuildingEarthquakeCoverage",
          "name": "earthquake"
        },
        {
          "biz_constraints": {},
          "dynamic_section_ref": "BuildingFireCoverage",
          "name": "fire"
        },
        {
          "biz_constraints": {},
          "dynamic_section_ref": "BuildingFloodCoverage",
          "name": "flood"
        },
        {
          "biz_constraints": {},
          "dynamic_section_ref": "BuildingReplacemntLocksCoverage",
          "name": "replacement_locks"
        },
        {
          "biz_constraints": {},
          "dynamic_section_ref": "BuildingTempAccomodationCoverage",
          "name": "temporary_accommodation"
        },
        {
          "biz_constraints": {},
          "dynamic_section_ref": "BuildingWaterEscapeCoverage",
          "name": "water_escape"
        },
        {
          "biz_constraints": {},
          "dynamic_section_ref": "BuildingAccidentalDamageCoverage",
          "name": "accidental_damage"
        },
        {
          "biz_constraints": {},
          "dynamic_section_ref": "BuildingElectricalBurnoutCoverage",
          "name": "electrical_burnout"
        },
        {
          "biz_constraints": {},
          "dynamic_section_ref": "BuildingAccBreakofGlassCoverage",
          "name": "accidental_breakage_of_glass"
        },
        {
          "biz_constraints": {},
          "dynamic_section_ref": "BuildingAnimalDamageCoverage",
          "name": "animal_damage"
        },
        {
          "biz_constraints": {},
          "dynamic_section_ref": "BuildingBushfireCoverage",
          "name": "bushfire"
        },
        {
          "biz_constraints": {},
          "dynamic_section_ref": "BuildingBuyNewHomeCoverage",
          "name": "buy_new_home"
        },
        {
          "biz_constraints": {},
          "dynamic_section_ref": "BuildingCycloneCoverage",
          "name": "cyclone"
        },
        {
          "biz_constraints": {},
          "dynamic_section_ref": "BuildingDeathBenefitCoverage",
          "name": "death_benefit"
        },
        {
          "biz_constraints": {},
          "dynamic_section_ref": "BuildingDebrisRemovalCoverage",
          "name": "debris_removal"
        },
        {
          "biz_constraints": {},
          "dynamic_section_ref": "BuildingExplosionCoverage",
          "name": "explosion"
        },
        {
          "biz_constraints": {},
          "dynamic_section_ref": "BuildingImpactDamageCoverage",
          "name": "impact_damage"
        },
        {
          "biz_constraints": {},
          "dynamic_section_ref": "BuildingIntentionalActsCoverage",
          "name": "intentional_acts"
        },
        {
          "biz_constraints": {},
          "dynamic_section_ref": "BuildingLandScapingCoverage",
          "name": "landscaping"
        },
        {
          "biz_constraints": {},
          "dynamic_section_ref": "BuildingLandslipCoverage",
          "name": "landslip"
        },
        {
          "biz_constraints": {},
          "dynamic_section_ref": "BuildingLiabilityCoverage",
          "name": "liability"
        },
        {
          "biz_constraints": {},
          "dynamic_section_ref": "BuildingLightningCoverage",
          "name": "lightning"
        },
        {
          "biz_constraints": {},
          "dynamic_section_ref": "BuildingLocatingDamageCoverage",
          "name": "locating_damage"
        },
        {
          "biz_constraints": {},
          "dynamic_section_ref": "BuildingMeetingRegulationsCoverage",
          "name": "meeting_regulations"
        },
        {
          "biz_constraints": {},
          "dynamic_section_ref": "BuildingRebuildingFeesCoverage",
          "name": "rebuilding_fees"
        },
        {
          "biz_constraints": {},
          "dynamic_section_ref": "BuildingRiotCoverage",
          "name": "riot"
        },
        {
          "biz_constraints": {},
          "dynamic_section_ref": "BuildingStormCoverage",
          "name": "storm"
        },
        {
          "biz_constraints": {},
          "dynamic_section_ref": "BuildingStormSurgeCoverage",
          "name": "storm_surge"
        },
        {
          "biz_constraints": {},
          "dynamic_section_ref": "BuildingTsunamiCoverage",
          "name": "tsunami"
        },
        {
          "biz_constraints": {},
          "dynamic_section_ref": "BuildingsMortgageCoverage",
          "name": "mortgage"
        },
        {
          "biz_constraints": {},
          "dynamic_section_ref": "BuildingsPhoneAssistanceCoverage",
          "name": "phone_assistance"
        }
      ],
      "ref_id": "pc:25835",
      "ref_name": "BuildingCoverages"
    },
    {
      "fields": [
        {
          "biz_constraints": {
            "ref_data_list": {
              "name": "coverage_category"
            }
          },
          "editable": false,
          "name": "category",
          "tech_constraints": {
            "data_type": "string"
          }
        },
        {
          "biz_constraints": {},
          "editable": false,
          "name": "selected",
          "tech_constraints": {
            "data_type": "boolean"
          }
        }
      ],
      "ref_id": "pc:25835",
      "ref_name": "BuildingTheftCoverage"
    },
    {
      "fields": [
        {
          "biz_constraints": {
            "ref_data_list": {
              "name": "coverage_category"
            }
          },
          "editable": false,
          "name": "category",
          "tech_constraints": {
            "data_type": "string"
          }
        },
        {
          "biz_constraints": {},
          "editable": false,
          "name": "selected",
          "tech_constraints": {
            "data_type": "boolean"
          }
        }
      ],
      "ref_id": "pc:25835",
      "ref_name": "BuildingEarthquakeCoverage"
    },
    {
      "fields": [
        {
          "biz_constraints": {
            "ref_data_list": {
              "name": "coverage_category"
            }
          },
          "editable": false,
          "name": "category",
          "tech_constraints": {
            "data_type": "string"
          }
        },
        {
          "biz_constraints": {},
          "editable": false,
          "name": "selected",
          "tech_constraints": {
            "data_type": "boolean"
          }
        }
      ],
      "ref_id": "pc:25835",
      "ref_name": "BuildingFireCoverage"
    },
    {
      "fields": [
        {
          "biz_constraints": {
            "ref_data_list": {
              "name": "coverage_category"
            }
          },
          "editable": false,
          "name": "category",
          "tech_constraints": {
            "data_type": "string"
          }
        },
        {
          "biz_constraints": {},
          "editable": false,
          "name": "selected",
          "tech_constraints": {
            "data_type": "boolean"
          }
        }
      ],
      "ref_id": "pc:25835",
      "ref_name": "BuildingFloodCoverage"
    },
    {
      "fields": [
        {
          "biz_constraints": {
            "ref_data_list": {
              "name": "coverage_category"
            }
          },
          "editable": false,
          "name": "category",
          "tech_constraints": {
            "data_type": "string"
          }
        },
        {
          "biz_constraints": {},
          "editable": false,
          "name": "selected",
          "tech_constraints": {
            "data_type": "boolean"
          }
        }
      ],
      "ref_id": "pc:25835",
      "ref_name": "BuildingReplacemntLocksCoverage"
    },
    {
      "fields": [
        {
          "biz_constraints": {
            "ref_data_list": {
              "name": "coverage_category"
            }
          },
          "editable": false,
          "name": "category",
          "tech_constraints": {
            "data_type": "string"
          }
        },
        {
          "biz_constraints": {},
          "editable": false,
          "name": "selected",
          "tech_constraints": {
            "data_type": "boolean"
          }
        },
        {
          "ask_if": [
            {
              "conditions": [
                {
                  "field_reference": {
                    "path": "assets.home_assets[0].building.coverages.temporary_accommodation.selected"
                  },
                  "operator": "EQUALS",
                  "value": "true"
                }
              ]
            }
          ],
          "biz_constraints": {
            "ref_data_list": {
              "name": "PPBuildingTempAccomodationCov_PPBuildingTempAccomodationLimit",
              "value_list": [
                {
                  "code": "10",
                  "position": 200
                }
              ]
            }
          },
          "name": "building_temporary_accomodation",
          "tech_constraints": {
            "data_type": "string"
          }
        }
      ],
      "ref_id": "pc:25835",
      "ref_name": "BuildingTempAccomodationCoverage"
    },
    {
      "fields": [
        {
          "biz_constraints": {
            "ref_data_list": {
              "name": "coverage_category"
            }
          },
          "editable": false,
          "name": "category",
          "tech_constraints": {
            "data_type": "string"
          }
        },
        {
          "biz_constraints": {},
          "editable": false,
          "name": "selected",
          "tech_constraints": {
            "data_type": "boolean"
          }
        }
      ],
      "ref_id": "pc:25835",
      "ref_name": "BuildingWaterEscapeCoverage"
    },
    {
      "fields": [
        {
          "biz_constraints": {
            "ref_data_list": {
              "name": "coverage_category"
            }
          },
          "editable": false,
          "name": "category",
          "tech_constraints": {
            "data_type": "string"
          }
        },
        {
          "biz_constraints": {},
          "name": "selected",
          "tech_constraints": {
            "data_type": "boolean"
          }
        }
      ],
      "ref_id": "pc:25835",
      "ref_name": "BuildingAccidentalDamageCoverage"
    },
    {
      "fields": [
        {
          "biz_constraints": {
            "ref_data_list": {
              "name": "coverage_category"
            }
          },
          "editable": false,
          "name": "category",
          "tech_constraints": {
            "data_type": "string"
          }
        },
        {
          "biz_constraints": {},
          "name": "selected",
          "tech_constraints": {
            "data_type": "boolean"
          }
        }
      ],
      "ref_id": "pc:25835",
      "ref_name": "BuildingElectricalBurnoutCoverage"
    },
    {
      "fields": [
        {
          "biz_constraints": {
            "ref_data_list": {
              "name": "coverage_category"
            }
          },
          "editable": false,
          "name": "category",
          "tech_constraints": {
            "data_type": "string"
          }
        },
        {
          "biz_constraints": {},
          "editable": false,
          "name": "selected",
          "tech_constraints": {
            "data_type": "boolean"
          }
        }
      ],
      "ref_id": "pc:25835",
      "ref_name": "BuildingAccBreakofGlassCoverage"
    },
    {
      "fields": [
        {
          "biz_constraints": {
            "ref_data_list": {
              "name": "coverage_category"
            }
          },
          "editable": false,
          "name": "category",
          "tech_constraints": {
            "data_type": "string"
          }
        },
        {
          "biz_constraints": {},
          "editable": false,
          "name": "selected",
          "tech_constraints": {
            "data_type": "boolean"
          }
        }
      ],
      "ref_id": "pc:25835",
      "ref_name": "BuildingAnimalDamageCoverage"
    },
    {
      "fields": [
        {
          "biz_constraints": {
            "ref_data_list": {
              "name": "coverage_category"
            }
          },
          "editable": false,
          "name": "category",
          "tech_constraints": {
            "data_type": "string"
          }
        },
        {
          "biz_constraints": {},
          "editable": false,
          "name": "selected",
          "tech_constraints": {
            "data_type": "boolean"
          }
        }
      ],
      "ref_id": "pc:25835",
      "ref_name": "BuildingBushfireCoverage"
    },
    {
      "fields": [
        {
          "biz_constraints": {
            "ref_data_list": {
              "name": "coverage_category"
            }
          },
          "editable": false,
          "name": "category",
          "tech_constraints": {
            "data_type": "string"
          }
        },
        {
          "biz_constraints": {},
          "editable": false,
          "name": "selected",
          "tech_constraints": {
            "data_type": "boolean"
          }
        },
        {
          "ask_if": [
            {
              "conditions": [
                {
                  "field_reference": {
                    "path": "assets.home_assets[0].building.coverages.buy_new_home.selected"
                  },
                  "operator": "EQUALS",
                  "value": "true"
                }
              ]
            }
          ],
          "biz_constraints": {
            "ref_data_list": {
              "name": "PPBuildingBuyNewHomeCov_PPBuildingBuyHomeLimit",
              "value_list": [
                {
                  "code": "90",
                  "position": 100
                }
              ]
            }
          },
          "name": "building_buy_new_home",
          "tech_constraints": {
            "data_type": "string"
          }
        }
      ],
      "ref_id": "pc:25835",
      "ref_name": "BuildingBuyNewHomeCoverage"
    },
    {
      "fields": [
        {
          "biz_constraints": {
            "ref_data_list": {
              "name": "coverage_category"
            }
          },
          "editable": false,
          "name": "category",
          "tech_constraints": {
            "data_type": "string"
          }
        },
        {
          "biz_constraints": {},
          "editable": false,
          "name": "selected",
          "tech_constraints": {
            "data_type": "boolean"
          }
        }
      ],
      "ref_id": "pc:25835",
      "ref_name": "BuildingCycloneCoverage"
    },
    {
      "fields": [
        {
          "biz_constraints": {
            "ref_data_list": {
              "name": "coverage_category"
            }
          },
          "editable": false,
          "name": "category",
          "tech_constraints": {
            "data_type": "string"
          }
        },
        {
          "biz_constraints": {},
          "editable": false,
          "name": "selected",
          "tech_constraints": {
            "data_type": "boolean"
          }
        },
        {
          "ask_if": [
            {
              "conditions": [
                {
                  "field_reference": {
                    "path": "assets.home_assets[0].building.coverages.death_benefit.selected"
                  },
                  "operator": "EQUALS",
                  "value": "true"
                }
              ]
            }
          ],
          "biz_constraints": {
            "ref_data_list": {
              "name": "PPBuildingDeathBenefitCov_PPBuildingDeathBenefitLimit",
              "value_list": [
                {
                  "code": "10000",
                  "position": 200
                }
              ]
            }
          },
          "name": "building_death_benefit",
          "tech_constraints": {
            "data_type": "string"
          }
        }
      ],
      "ref_id": "pc:25835",
      "ref_name": "BuildingDeathBenefitCoverage"
    },
    {
      "fields": [
        {
          "biz_constraints": {
            "ref_data_list": {
              "name": "coverage_category"
            }
          },
          "editable": false,
          "name": "category",
          "tech_constraints": {
            "data_type": "string"
          }
        },
        {
          "biz_constraints": {},
          "editable": false,
          "name": "selected",
          "tech_constraints": {
            "data_type": "boolean"
          }
        },
        {
          "ask_if": [
            {
              "conditions": [
                {
                  "field_reference": {
                    "path": "assets.home_assets[0].building.coverages.debris_removal.selected"
                  },
                  "operator": "EQUALS",
                  "value": "true"
                }
              ]
            }
          ],
          "biz_constraints": {
            "ref_data_list": {
              "name": "PPBuildingDebrisRemovalCov_PPBuildingDebrisRemovalLimit",
              "value_list": [
                {
                  "code": "10",
                  "position": 100
                }
              ]
            }
          },
          "name": "bulding_debris_removal",
          "tech_constraints": {
            "data_type": "string"
          }
        }
      ],
      "ref_id": "pc:25835",
      "ref_name": "BuildingDebrisRemovalCoverage"
    },
    {
      "fields": [
        {
          "biz_constraints": {
            "ref_data_list": {
              "name": "coverage_category"
            }
          },
          "editable": false,
          "name": "category",
          "tech_constraints": {
            "data_type": "string"
          }
        },
        {
          "biz_constraints": {},
          "editable": false,
          "name": "selected",
          "tech_constraints": {
            "data_type": "boolean"
          }
        }
      ],
      "ref_id": "pc:25835",
      "ref_name": "BuildingExplosionCoverage"
    },
    {
      "fields": [
        {
          "biz_constraints": {
            "ref_data_list": {
              "name": "coverage_category"
            }
          },
          "editable": false,
          "name": "category",
          "tech_constraints": {
            "data_type": "string"
          }
        },
        {
          "biz_constraints": {},
          "editable": false,
          "name": "selected",
          "tech_constraints": {
            "data_type": "boolean"
          }
        }
      ],
      "ref_id": "pc:25835",
      "ref_name": "BuildingImpactDamageCoverage"
    },
    {
      "fields": [
        {
          "biz_constraints": {
            "ref_data_list": {
              "name": "coverage_category"
            }
          },
          "editable": false,
          "name": "category",
          "tech_constraints": {
            "data_type": "string"
          }
        },
        {
          "biz_constraints": {},
          "editable": false,
          "name": "selected",
          "tech_constraints": {
            "data_type": "boolean"
          }
        }
      ],
      "ref_id": "pc:25835",
      "ref_name": "BuildingIntentionalActsCoverage"
    },
    {
      "fields": [
        {
          "biz_constraints": {
            "ref_data_list": {
              "name": "coverage_category"
            }
          },
          "editable": false,
          "name": "category",
          "tech_constraints": {
            "data_type": "string"
          }
        },
        {
          "biz_constraints": {},
          "editable": false,
          "name": "selected",
          "tech_constraints": {
            "data_type": "boolean"
          }
        },
        {
          "ask_if": [
            {
              "conditions": [
                {
                  "field_reference": {
                    "path": "assets.home_assets[0].building.coverages.landscaping.selected"
                  },
                  "operator": "EQUALS",
                  "value": "true"
                }
              ]
            }
          ],
          "biz_constraints": {
            "ref_data_list": {
              "name": "PPBuildingLandscapingCov_PPBuildingLandscapingLimit",
              "value_list": [
                {
                  "code": "1500",
                  "position": 200
                }
              ]
            }
          },
          "name": "building_landscaping",
          "tech_constraints": {
            "data_type": "string"
          }
        }
      ],
      "ref_id": "pc:25835",
      "ref_name": "BuildingLandScapingCoverage"
    },
    {
      "fields": [
        {
          "biz_constraints": {
            "ref_data_list": {
              "name": "coverage_category"
            }
          },
          "editable": false,
          "name": "category",
          "tech_constraints": {
            "data_type": "string"
          }
        },
        {
          "biz_constraints": {},
          "editable": false,
          "name": "selected",
          "tech_constraints": {
            "data_type": "boolean"
          }
        }
      ],
      "ref_id": "pc:25835",
      "ref_name": "BuildingLandslipCoverage"
    },
    {
      "fields": [
        {
          "biz_constraints": {
            "ref_data_list": {
              "name": "coverage_category"
            }
          },
          "editable": false,
          "name": "category",
          "tech_constraints": {
            "data_type": "string"
          }
        },
        {
          "biz_constraints": {},
          "editable": false,
          "name": "selected",
          "tech_constraints": {
            "data_type": "boolean"
          }
        },
        {
          "ask_if": [
            {
              "conditions": [
                {
                  "field_reference": {
                    "path": "assets.home_assets[0].building.coverages.liability.selected"
                  },
                  "operator": "EQUALS",
                  "value": "true"
                }
              ]
            }
          ],
          "biz_constraints": {
            "ref_data_list": {
              "name": "PPBuildingLiabilityCov_PPBuildingLiabilityLimit",
              "value_list": [
                {
                  "code": "20",
                  "position": 100
                }
              ]
            }
          },
          "name": "building_liability",
          "tech_constraints": {
            "data_type": "string"
          }
        }
      ],
      "ref_id": "pc:25835",
      "ref_name": "BuildingLiabilityCoverage"
    },
    {
      "fields": [
        {
          "biz_constraints": {
            "ref_data_list": {
              "name": "coverage_category"
            }
          },
          "editable": false,
          "name": "category",
          "tech_constraints": {
            "data_type": "string"
          }
        },
        {
          "biz_constraints": {},
          "editable": false,
          "name": "selected",
          "tech_constraints": {
            "data_type": "boolean"
          }
        }
      ],
      "ref_id": "pc:25835",
      "ref_name": "BuildingLightningCoverage"
    },
    {
      "fields": [
        {
          "biz_constraints": {
            "ref_data_list": {
              "name": "coverage_category"
            }
          },
          "editable": false,
          "name": "category",
          "tech_constraints": {
            "data_type": "string"
          }
        },
        {
          "biz_constraints": {},
          "editable": false,
          "name": "selected",
          "tech_constraints": {
            "data_type": "boolean"
          }
        }
      ],
      "ref_id": "pc:25835",
      "ref_name": "BuildingLocatingDamageCoverage"
    },
    {
      "fields": [
        {
          "biz_constraints": {
            "ref_data_list": {
              "name": "coverage_category"
            }
          },
          "editable": false,
          "name": "category",
          "tech_constraints": {
            "data_type": "string"
          }
        },
        {
          "biz_constraints": {},
          "editable": false,
          "name": "selected",
          "tech_constraints": {
            "data_type": "boolean"
          }
        }
      ],
      "ref_id": "pc:25835",
      "ref_name": "BuildingMeetingRegulationsCoverage"
    },
    {
      "fields": [
        {
          "biz_constraints": {
            "ref_data_list": {
              "name": "coverage_category"
            }
          },
          "editable": false,
          "name": "category",
          "tech_constraints": {
            "data_type": "string"
          }
        },
        {
          "biz_constraints": {},
          "editable": false,
          "name": "selected",
          "tech_constraints": {
            "data_type": "boolean"
          }
        }
      ],
      "ref_id": "pc:25835",
      "ref_name": "BuildingRebuildingFeesCoverage"
    },
    {
      "fields": [
        {
          "biz_constraints": {
            "ref_data_list": {
              "name": "coverage_category"
            }
          },
          "editable": false,
          "name": "category",
          "tech_constraints": {
            "data_type": "string"
          }
        },
        {
          "biz_constraints": {},
          "editable": false,
          "name": "selected",
          "tech_constraints": {
            "data_type": "boolean"
          }
        }
      ],
      "ref_id": "pc:25835",
      "ref_name": "BuildingRiotCoverage"
    },
    {
      "fields": [
        {
          "biz_constraints": {
            "ref_data_list": {
              "name": "coverage_category"
            }
          },
          "editable": false,
          "name": "category",
          "tech_constraints": {
            "data_type": "string"
          }
        },
        {
          "biz_constraints": {},
          "editable": false,
          "name": "selected",
          "tech_constraints": {
            "data_type": "boolean"
          }
        }
      ],
      "ref_id": "pc:25835",
      "ref_name": "BuildingStormCoverage"
    },
    {
      "fields": [
        {
          "biz_constraints": {
            "ref_data_list": {
              "name": "coverage_category"
            }
          },
          "editable": false,
          "name": "category",
          "tech_constraints": {
            "data_type": "string"
          }
        },
        {
          "biz_constraints": {},
          "editable": false,
          "name": "selected",
          "tech_constraints": {
            "data_type": "boolean"
          }
        }
      ],
      "ref_id": "pc:25835",
      "ref_name": "BuildingStormSurgeCoverage"
    },
    {
      "fields": [
        {
          "biz_constraints": {
            "ref_data_list": {
              "name": "coverage_category"
            }
          },
          "editable": false,
          "name": "category",
          "tech_constraints": {
            "data_type": "string"
          }
        },
        {
          "biz_constraints": {},
          "editable": false,
          "name": "selected",
          "tech_constraints": {
            "data_type": "boolean"
          }
        }
      ],
      "ref_id": "pc:25835",
      "ref_name": "BuildingTsunamiCoverage"
    },
    {
      "fields": [
        {
          "biz_constraints": {
            "ref_data_list": {
              "name": "coverage_category"
            }
          },
          "editable": false,
          "name": "category",
          "tech_constraints": {
            "data_type": "string"
          }
        },
        {
          "biz_constraints": {},
          "editable": false,
          "name": "selected",
          "tech_constraints": {
            "data_type": "boolean"
          }
        }
      ],
      "ref_id": "pc:25835",
      "ref_name": "BuildingsMortgageCoverage"
    },
    {
      "fields": [
        {
          "biz_constraints": {
            "ref_data_list": {
              "name": "coverage_category"
            }
          },
          "editable": false,
          "name": "category",
          "tech_constraints": {
            "data_type": "string"
          }
        },
        {
          "biz_constraints": {},
          "editable": false,
          "name": "selected",
          "tech_constraints": {
            "data_type": "boolean"
          }
        }
      ],
      "ref_id": "pc:25835",
      "ref_name": "BuildingsPhoneAssistanceCoverage"
    },
    {
      "ref_id": "pc:26207"
    }
  ]

}