{
  "policy_dates": {
    "term_inception_date": "2020-06-10T15:47:55.123+10:00",
    "term_expiry_date": "2021-09-28T15:47:55.123+10:00",
    "offer_creation_date": "2020-05-27T14:00:00.000Z"
  },
  "product": "LANDLORD_INSURANCE",
  "brand": "NRMA",
  "currency": "AUD",
  "payments": {
    "billing_frequency": "ANNUAL",
    "direct_debit": true
  },
  "terms_condition_agreement": true,
  "correspondence_preferences": {
    "email_consent": true,
    "email_address": "anubha.sinha@iag.com.au",
    "mailing_addresses": [
      {
        "address_hash": "xyz",
        "address_id": "AD001",
        "attention": "Anshuman",
        "country": "AUS",
        "display_address_line1": "181 William Street",
        "display_address_line2": "Melbourne 3000",
        "locality_name": "Lane Cove",
        "postcode": "3134",
        "state": "VIC",
        "street_address": {
          "building_name": "123",
          "flat_unit_number": "1",
          "flat_unit_type": "DUP",
          "floor_level_number": "3",
          "floor_level_type": "FL",
          "house_number": "1",
          "lot_number": "L0001",
          "street_direction": "E",
          "street_name": "Victoria Street",
          "street_type": "AVE"
        }
      }
    ]
  },
  "parties": {
    "party_roles": [
      {
      }
    ]
  }

}
