{
  "scenario_id" : "digital_home_quote_submission_building",
  "token_payload" : "{\n  \"ttl\": \"3600\",\n  \"provider\": \"business-api-provider\"}",
  "payload_create_new_quote" : {
    "policy_dates" : {
      "term_inception_date" : "current"
    }
  },
  "payload_update_quote" : {
    "policy_dates" : {
      "term_inception_date" : "current"
    },
    "correspondence_preferences" : {
      "email_consent" : false,
      "email_address" : "anubha.sinha@iag.com.au",
      "mailing_addresses" : [
        {
          "address_hash" : "xyz",
          "address_id" : "AD001",
          "attention" : "Anshuman",
          "country" : "AUS",
          "display_address_line1" : "181 William Street",
          "display_address_line2" : "Melbourne 3000",
          "locality_name" : "Lane Cove",
          "postcode" : "3134",
          "state" : "VIC",
          "building_name" : "123",
          "flat_unit_number" : "1",
          "flat_unit_type" : "DUP",
          "floor_level_number" : "3",
          "floor_level_type" : "FL",
          "house_number" : "1",
          "lot_number" : "L0001",
          "street_direction" : "E",
          "street_name" : "Victoria Street",
          "street_type" : "AVE"
        }
      ]
    },
    "assets" : [
      {
        "public_id" : "pc:16102",
        "properties" : {
          "location" : {
            "country" : "AUS",
            "display_address_line1" : "1 Victoria Street",
            "display_address_line2" : "Melbourne 3000",
            "locality_name" : "MOUNT VICTORIA",
            "postcode" : "2786",
            "rd_number" : "Victoria Street",
            "state" : "NSW",
            "building_name" : "1",
            "flat_unit_number" : "1",
            "floor_level_number" : "3",
            "house_number" : "1",
            "lot_number" : "L0001",
            "street_name" : "Victoria Street",
            "street_type" : "AVE"
          },
          "usage_arrangement" : "OWN_AND_LIVE_IN_HOME",
          "expected_occupancy_date" : "after 5 years",
          "last_occupied" : "before 2 years",
          "no_occupants_reason" : "HOME_DECEASED_ESTATE",
          "building_asset" : true,
          "contents_asset" : false,
          "share_ownership" : true,
          "share_ownership_cover" : true,
          "incomplete_or_non_standard" : false,
          "structurally_sound" : true,
          "under_renovation" : false,
          "renovation_type" : "OVER_75K_NON_STRUCTURAL_ALTERATION",
          "business_use" : false,
          "restricted_business_activity" : false
        },
        "property_information" : {
          "building" : {
            "year_constructed" : 2020,
            "heritage_listed": true,
            "wall_material" : "BRICK_VENEER",
            "roof_material" : "CONCRETE_TILE",
            "storey_count" : "2",
            "slope" : "FLAT_GENTLE",
            "quality_of_home" : "QUALITY",
            "elevated" : true,
            "distance_to_bushland" : "NEARBY",
            "bedroom_count" : "63",
            "bedroom_large_count" : 0,
            "bedroom_medium_count" : 20,
            "bedroom_small_count" : 20,
            "bathroom_count" : 3,
            "dining_room_count" : 1,
            "dining_room_size" : "LARGE",
            "lounge_count" : 20,
            "carport_count" : 0,
            "garage_count" : 15,
            "small_shed_count" : 12,
            "large_shed_count" : 11,
            "balcony_count" : 13,
            "verandah_porch_count" : 14,
            "built_in_heating_cooling" : false,
            "solar_electricity_system" : false,
            "tennis_court_included" : false,
            "pool_included" : true,
            "jetty_wharf" : false,
            "building_sum_insured" : 344555,
            "financed" : false
          },
          "contents" : {
            "security_type" : "MONITORED_ALARM_SECURITY_COMPANY",
            "occupants_adult_female_count" : 4,
            "occupants_adult_male_count" : 2,
            "occupants_children_count" : 2,
            "occupants_adult_count" : 3,
            "contents_sum_insured" : 340000,
            "include_storage_contents_cover" : false,
            "storage_facility" : "RESIDENTIAL_STORAGE",
            "storage_location" : {
              "country" : "AUS",
              "display_address_line1" : "1 Victoria Street",
              "display_address_line2" : "Melbourne 3000",
              "locality_name" : "MOUNT VICTORIA",
              "postcode" : "2786",
              "rd_number" : "Victoria Street",
              "state" : "NSW",
              "building_name" : "1",
              "flat_unit_number" : "1",
              "floor_level_number" : "3",
              "house_number" : "1",
              "lot_number" : "L0001",
              "street_name" : "Victoria Street",
              "street_type" : "AVE"
            },
            "storage_period_start" : "before 5 months",
            "storage_period_end" : "after 5 months",
            "storage_sum_insured" : "1500"
          }
        }
      }
    ]
  },
  "request_details" : {
    "type" : "QUOTE",
    "term_type" : "Annual",
    "primary_name_create" : "Anonymous PNI - Person",
    "primary_name_update" : "TEST COMPNY",
    "organisation" : "IAG",
    "originating_channel" : "Digital",
    "underwriting_company" : "IAL"
  }
}