
{
  "product": "MOTOR_INSURANCE",
  "brand": "NRMA",
  "terms_condition_agreement": true,
  "payments": {
    "billing_frequency": "ANNUAL",
    "direct_debit": true
  },
  "parties": {
    "drivers": [
      {
        "party_id": "TEMP00001",
        "age_licence_obtained": 18,
        "prior_licence_events": false,
        "licence_events": [
          {
            "temp_id": "1007",
            "date": "2018",
            "type": "LICENCE_DISQUALIFIED"
          }
        ]
      }
    ],
    "individuals": [
      {
        "addresses": [
          {
            "country": "AUS",
            "display_address_line1": "181 William Street",
            "display_address_line2": "Melbourne 3000",
            "full_address": "181 William Street Melbourne 3000",
            "locality_name": "Lane Cove",
            "postcode": "3134",
            "rd_number": "RD 1",
            "state": "VIC",
            "street_address": {
              "building_name": "1",
              "flat_unit_number": "1",
              "flat_unit_type": "DUP",
              "floor_level_number": "3",
              "floor_level_type": "FL",
              "house_number": "1",
              "lot_number": "L0001",
              "street_direction": "E",
              "street_name": "Victoria Street",
              "street_type": "AVE"
            }
          }
        ],
        "date_of_birth": "2001-10-02",
        "email_contacts": {
          "emails": [
            {
              "effective_from": "2020-12-01",
              "effective_to": "2020-12-01",
              "email_address": "abc@xyz.com",
              "type": "PRIMARY"
            }
          ]
        },

        "preferences": {
          "marketing_consent": true
        },
        "gender": "MALE",
        "names": {
          "details": [
            {
              "first_name": "James",
              "last_name": "Bond",
              "type": "LEGAL",
              "title": "MR"
            }
          ]
        },
        "party_id": "TEMP00001"
      }
    ],
    "party_roles": [
      {
      }
    ]
  },
  "assets": {
    "vehicle_assets": [
      {
        "asset_type": "MOTOR_VEHICLE",
        "asset_number": "1",
        "exempt_from_stamp_duty": false,
        "financed": false,
        "location": {
          "country": "AUS",
          "dpid": "2234",
          "display_address_line1": "187332@#$ King William Street",
          "display_address_line2": "Second Address line 119^&",
          "locality_name": "Kangaroo Street",
          "postcode": "6053",
          "state": "WA",
          "street_address": {
            "building_name": "string building name",
            "flat_unit_number": "1",
            "flat_unit_type": "DUP",
            "floor_level_number": "3",
            "floor_level_type": "FL",
            "street_direction": "NW",
            "house_number": "83",
            "lot_number": "L0231",
            "street_type": "ST",
            "street_name": "King william"
          },
          "type": "MAIL"
        },
        "parties": {
          "vehicle_drivers": [
            {
              "party_id": "TEMP00001"
            }
          ]
        },
        "parking_location": "DRIVEWAY_OFF_STREET",
        "sum_insured": {
          "type": "AGREED_VALUE"
        },
        "usage": {
          "ride_share_and_food_delivery_hours_per_week": 5,
          "activities": [
            "TAKE_AWAY_FOOD_DELIVERY",
            "RIDE_SHARE"
          ],
          "annual_kilometres_range": "LESS_THAN_5K"
        },
        "vehicle": {
          "engine": {
            "capacity_value_cc": "2000",
            "capacity_value_litres": "1.3",
            "transmission_type": "manual",
            "type": "xxx"
          },
          "make": "Ford",
          "include_modifications": false,
          "model": "Falcon",
          "tare_weight": 1000,
          "vehicle_underwriting": {
            "family": "small",
            "risk_category": "1"
          },
          "series": "BA XR6",
          "year": 2004,
          "vin_number": "1HGCE6676TA016581",
          "vehicle_valuation": {
            "country": "AUS",
            "list_price": 6000,
            "retail_price_high": 9000,
            "retail_price_low": 9000,
            "trade_price": 10001
          }
        }
      }
    ]
  },
  "correspondence_preferences": {
    "email_consent": true,
    "email_address": "arka.majumdar@iag.com.au",
    "mailing_addresses": [
      {
        "address_hash": "xyz",
        "address_id": "AD001",
        "attention": "Anshuman",
        "country": "AUS",
        "display_address_line1": "181 William Street",
        "display_address_line2": "Melbourne 3000",
        "locality_name": "Lane Cove",
        "postcode": "3134",
        "state": "VIC",
        "street_address": {
          "building_name": "123",
          "flat_unit_number": "1",
          "flat_unit_type": "DUP",
          "floor_level_number": "3",
          "floor_level_type": "FL",
          "house_number": "1",
          "lot_number": "L0001",
          "street_direction": "E",
          "street_name": "Victoria Street",
          "street_type": "AVE"
        }
      }
    ]
  },
  "policy_dates": {
    "term_inception_date": "2020-06-01T02:33:26.658Z",
    "offer_creation_date": "2020-05-20T02:33:26.658Z"
  }
}
