{
  "policy_dates": {
    "term_inception_date": "2020-06-10T15:47:55.123+10:00",
    "term_expiry_date": "2021-09-28T15:47:55.123+10:00",
    "offer_creation_date": "2020-05-27T14:00:00.000Z"
  },
  "product": "HOME_INSURANCE",
  "brand": "NRMA",
  "currency": "AUD",
  "payments": {
    "billing_frequency": "ANNUAL",
    "direct_debit": true
  },
  "terms_condition_agreement": true,
  "correspondence_preferences": {
    "email_consent": true,
    "email_address": "anubha.sinha@iag.com.au",
    "mailing_addresses": [
      {
        "address_hash": "xyz",
        "address_id": "AD001",
        "attention": "Anshuman",
        "country": "AUS",
        "display_address_line1": "181 William Street",
        "display_address_line2": "Melbourne 3000",
        "locality_name": "Lane Cove",
        "postcode": "3134",
        "state": "VIC",
        "street_address": {
          "building_name": "123",
          "flat_unit_number": "1",
          "flat_unit_type": "DUP",
          "floor_level_number": "3",
          "floor_level_type": "FL",
          "house_number": "1",
          "lot_number": "L0001",
          "street_direction": "E",
          "street_name": "Victoria Street",
          "street_type": "AVE"
        }
      }
    ]
  },
  "parties": {
    "party_roles": [
      {
      }
    ]
  },
  "assets": {
    "home_assets": [
      {
        "asset_number": "1",
        "temp_id": "pc:21540",
        "building": {
          "temp_id": "1001",
          "cover_type" : "BUILDING_SILVER",
          "asset_type": "BUILDING",
          "balcony_count": 5,
          "bathroom": {
            "count": 3
          },
          "bedroom": {
            "large_count": 0,
            "medium_count": 2,
            "small_count": 2
          },
          "building_condition": {
            "plumbing_replaced_with_pvc": true,
            "re_stumped": true,
            "roof_replaced": true,
            "structurally_sound": true,
            "wiring_replaced_with_plastic_sheathed": true
          },
          "carport_count": 0,
          "dining_room": {
            "count": 1
          },
          "distance_to_bushland": "NEARBY",
          "elevated": true,
          "financed": false,
          "floor_level_number": "3",
          "garage_count": 6,
          "heating_cooling": {
            "built_in_heating_cooling": false
          },
          "heritage_listed": true,
          "incomplete_or_non_standard": false,
          "large_shed_count": 3,
          "lounge": {
            "count": 2
          },
          "outdoor_structure": {
            "jetty_wharf": false,
            "tennis_court": {
              "included": false
            },
            "pool": {
              "included": true
            }
          },
          "property_type": "FREESTANDING_HOME",

          "share_ownership": true,
          "share_ownership_cover": true,
          "slope": "FLAT_GENTLE",
          "small_shed_count": 4,
          "solar": {
            "electricity_system": false
          },
          "storey_count": "2",
          "sum_insured": 344555,
          "usage": {

            "restricted_business_activity": false,
            "usage_arrangement": "OWN_AND_LIVE_IN_HOME"
          }

        },
        "contents": {
          "temp_id": "1002",
          "asset_type": "CONTENTS",
          "cover_type" : "CONTENTS_SILVER",
          "general": {
            "sum_insured": 340000
          },
          "include_storage_contents_cover": false,
          "security_type": "MONITORED_ALARM_SECURITY_COMPANY"
        },
        "location": {
          "address_id": "300031927",
          "country": "AUS",
          "display_address_line1": "7 KANGAROO ST",
          "display_address_line2": "ZUCCOLI NT 0832",
          "dpid": "44628347",
          "full_address": "7 KANGAROO ST, Zuccoli, NT, 0832, AU",
          "locality_name": "Zuccoli",
          "postcode": "0832",
          "state": "NT",
          "street_address": {
            "house_number": "7",
            "street_name": "KANGAROO",
            "street_type": "ST"
          }
        },

        "occupants": {

        },
        "building_asset": false,
        "contents_asset": true
      }
    ]
  }
}
