<?xml version="1.0"?>
<ruleset description="Main Rule Set"
         xmlns:xsi="http://www.w3.org/2001/XMLSchema-instance"
         name="Android Application Rules"
         xmlns="http://pmd.sf.net/ruleset/1.0.0"
         xsi:noNamespaceSchemaLocation="http://pmd.sf.net/ruleset_xml_schema.xsd"
         xsi:schemaLocation="http://pmd.sf.net/ruleset/1.0.0 http://pmd.sf.net/ruleset_xml_schema.xsd">

    <exclude-pattern description="exclude generated files">.*/generated/.*</exclude-pattern>

    // all current PMD rules can be found here https://github.com/pmd/pmd/wiki/Rule-Categories

    <rule desciption="Common Errors" ref="category/java/errorprone.xml">
        <exclude description="exclude UseLocaleWithCaseConversions" name="UseLocaleWithCaseConversions"/>
        <exclude description="exclude BeanMembersShouldSerialize" name="BeanMembersShouldSerialize"/>
        <exclude description="exclude AvoidFieldNameMatchingTypeName" name="AvoidFieldNameMatchingMethodName"/>
        <exclude description="exclude AvoidFieldNameMatchingMethodName" name="AvoidFieldNameMatchingTypeName"/>
        <exclude description="exclude DataflowAnomalyAnalysis" name="DataflowAnomalyAnalysis"/>
        <exclude description="exclude UseProperClassLoader" name="UseProperClassLoader"/>
        <exclude description="exclude NullAssignment" name="NullAssignment"/>
    </rule>

    <rule description="Best Practices" ref="category/java/bestpractices.xml">
        <exclude description="exclude PreserveStackTrace" name="PreserveStackTrace"/>
        <exclude description="exclude UseVarargs" name="UseVarargs"/>
        <exclude description="exclude GuardLogStatement" name="GuardLogStatement"/>
        <exclude description="exclude AbstractClassWithoutAbstractMethod" name="AbstractClassWithoutAbstractMethod"/>
    </rule>

    <rule description="Performance" ref="category/java/performance.xml">
        <exclude description="exclude SimplifyStartsWith" name="SimplifyStartsWith"/>
    </rule>

    <rule description="Design" ref="category/java/design.xml">
        <exclude description="exclude LawOfDemeter" name="LawOfDemeter"/>
        <exclude description="exclude GodClass" name="GodClass"/>
        <exclude description="exclude ExcessiveImports" name="ExcessiveImports"/>
        <exclude description="exclude DataClass" name="DataClass"/>
        <exclude description="exclude TooManyMethods" name="TooManyMethods"/>
        <exclude description="exclude UseObjectForClearerAPI" name="UseObjectForClearerAPI"/>
        <exclude description="exclude LoosePackageCoupling" name="LoosePackageCoupling"/>
        <exclude description="exclude TooManyFields" name="TooManyFields"/>
    </rule>

    <rule description="Code Style" ref="category/java/codestyle.xml">
        <exclude description="exclude AbstractNaming" name="AbstractNaming"/>
        <exclude description="exclude LocalVariableCouldBeFinal" name="LocalVariableCouldBeFinal"/>
        <exclude description="exclude ShortMethodName" name="ShortMethodName"/>
        <exclude description="exclude ShortClassName" name="ShortClassName"/>
        <exclude description="exclude ConfusingTernary" name="ConfusingTernary"/>
        <exclude description="exclude LongVariable" name="LongVariable"/>
        <exclude description="exclude CommentDefaultAccessModifier" name="CommentDefaultAccessModifier"/>
        <exclude description="exclude MethodArgumentCouldBeFinal" name="MethodArgumentCouldBeFinal"/>
        <exclude description="exclude AtLeastOneConstructor" name="AtLeastOneConstructor"/>
        <exclude description="exclude UnnecessaryAnnotationValueElement" name="UnnecessaryAnnotationValueElement"/>
        <exclude description="exclude ShortVariable" name="ShortVariable"/>
        <exclude description="exclude TooManyStaticImports" name="TooManyStaticImports"/>
        <exclude description="exclude OnlyOneReturn" name="OnlyOneReturn"/>
        <exclude description="exclude BooleanGetMethodName" name="BooleanGetMethodName"/>
        <exclude description="exclude ClassNamingConventions" name="ClassNamingConventions"/>
    </rule>

    <rule description="Multithreading" ref="category/java/multithreading.xml">
        <exclude description="exclude UseConcurrentHashMap" name="UseConcurrentHashMap"/>
    </rule>

</ruleset>