<?xml version="1.0" encoding="UTF-8"?>
<configuration>
  <include resource="org/springframework/boot/logging/logback/base.xml"/>

  <property name="LOG_NAME" value="${log.name}"/>
  <property name="DIR" value="/iag/api/logs" />

  <property name="CONSOLE_LOG_PATTERN"  value="%d{yyyy-MM-dd HH:mm:ss.SSS} ${LOG_LEVEL_PATTERN:-%5p} %-40.40logger{39} : %m%n${LOG_EXCEPTION_CONVERSION_WORD:-%wEx}"/>

  <!-- Appender to log to console -->
  <appender name="console" class="ch.qos.logback.core.ConsoleAppender">
    <filter class="ch.qos.logback.classic.filter.ThresholdFilter">
      <level>INFO</level>
    </filter>
    <encoder>
      <pattern>${CONSOLE_LOG_PATTERN}</pattern>
      <charset>utf8</charset>
    </encoder>
  </appender>

  <!-- Appender to log to application log file -->
  <appender name="APP_FILE" class="ch.qos.logback.core.rolling.RollingFileAppender">
    <file>${DIR}/${LOG_NAME}.log</file>
    <rollingPolicy class="ch.qos.logback.core.rolling.FixedWindowRollingPolicy">
      <fileNamePattern>${DIR}/${LOG_NAME}.%i.log.zip</fileNamePattern>
      <minIndex>1</minIndex>
      <maxIndex>50</maxIndex>
    </rollingPolicy>
    <triggeringPolicy class="ch.qos.logback.core.rolling.SizeBasedTriggeringPolicy">
      <maxFileSize>20MB</maxFileSize>
    </triggeringPolicy>
    <encoder>
      <pattern>${CONSOLE_LOG_PATTERN}</pattern>
      <charset>utf8</charset>
    </encoder>
  </appender>


  <!-- Appender to log to trace file -->
  <appender name="TRACE_FILE" class="ch.qos.logback.core.rolling.RollingFileAppender">
    <file>${DIR}/${LOG_NAME}-trace.log</file>
    <rollingPolicy class="ch.qos.logback.core.rolling.FixedWindowRollingPolicy">
      <fileNamePattern>${DIR}/${LOG_NAME}-trace.%i.log.zip</fileNamePattern>
      <minIndex>1</minIndex>
      <maxIndex>50</maxIndex>
    </rollingPolicy>
    <triggeringPolicy class="ch.qos.logback.core.rolling.SizeBasedTriggeringPolicy">
      <maxFileSize>20MB</maxFileSize>
    </triggeringPolicy>
    <encoder>
      <pattern>${CONSOLE_LOG_PATTERN}</pattern>
      <charset>utf8</charset>
    </encoder>
  </appender>

  <if condition='!property("spring.profiles.active").contains("local")'>
    <then>
      <logger name="au.com.iag" level="info">
        <appender-ref ref="APP_FILE"/>
      </logger>
      <root level="INFO">
        <appender-ref ref="TRACE_FILE"/>
      </root>
    </then>
    <else>
      <root>
        <appender-ref ref="CONSOLE" />
      </root>
    </else>
  </if>
</configuration>

