<code_scheme name="Firefly-Import">
  <option name="CLASS_COUNT_TO_USE_IMPORT_ON_DEMAND" value="999" />
  <option name="NAMES_COUNT_TO_USE_IMPORT_ON_DEMAND" value="999" />
  <option name="PACKAGES_TO_USE_IMPORT_ON_DEMAND">
    <value />
  </option>
  <option name="IMPORT_LAYOUT_TABLE">
    <value>
      <package name="java" withSubpackages="true" static="true" />
      <package name="javax" withSubpackages="true" static="true" />
      <package name="net" withSubpackages="true" static="true" />
      <package name="org" withSubpackages="true" static="true" />
      <package name="au" withSubpackages="true" static="true" />
      <package name="com" withSubpackages="true" static="true" />
      <package name="freemarker" withSubpackages="true" static="true" />
      <package name="" withSubpackages="true" static="true" />
      <emptyLine />
      <package name="java" withSubpackages="true" static="false" />
      <package name="javax" withSubpackages="true" static="false" />
      <package name="java" withSubpackages="true" static="false" />
      <package name="javax" withSubpackages="true" static="false" />
      <package name="net" withSubpackages="true" static="false" />
      <package name="org" withSubpackages="true" static="false" />
      <package name="au" withSubpackages="true" static="false" />
      <package name="com" withSubpackages="true" static="false" />
      <package name="freemarker" withSubpackages="true" static="false" />
      <package name="" withSubpackages="true" static="false" />
    </value>
  </option>
  <codeStyleSettings language="JAVA">
    <indentOptions>
      <option name="CONTINUATION_INDENT_SIZE" value="4" />
      <option name="SMART_TABS" value="true" />
    </indentOptions>
  </codeStyleSettings>
  <codeStyleSettings language="snakeyaml">
    <indentOptions>
      <option name="TAB_SIZE" value="4" />
    </indentOptions>
  </codeStyleSettings>
</code_scheme>
