{
  "swagger": "2.0",
  "info": {
    "description": "This api is responsible for bind and issue of policy",
    "version": "1",
    "title": "IAG Bind And Issue Api",
    "contact": {
      "name": "IAG API Delivery - Team: Firefly",
      "url": "https://confluence.iag.com.au/display/TF",
      "email": "TeamFirefly@iag.com.au"
    },
    "license": {
      "name": "IAG Internal use only"
    }
  },
  "host": "product-services-int1.auiag.corp",
  "basePath": "/services/v2/product/policy",
  "tags": [
    {
      "name": "Policy bind and issue",
      "description": "Bind And Issue Api Controller"
    }
  ],
  "paths": {
    "/bind-and-issue": {
      "post": {
        "tags": [
          "Policy bind and issue"
        ],
        "summary": "Bind and issue policy",
        "operationId": "bindAndIssue",
        "consumes": [
          "application/json"
        ],
        "produces": [
          "application/json"
        ],
        "parameters": [
          {
            "in": "body",
            "name": "request",
            "description": "Bind and issue request details",
            "required": true,
            "schema": {
              "$ref": "#/definitions/BindAndIssueRequest"
            }
          },
          {
            "name": "X-Iag-Auth-Consumer-System",
            "in": "header",
            "description": "X-Iag-Auth-Consumer-System",
            "required": true,
            "type": "string"
          },
          {
            "name": "X-Iag-Auth-User",
            "in": "header",
            "description": "X-Iag-Auth-User",
            "required": false,
            "type": "string"
          },
          {
            "name": "X-Iag-Brand",
            "in": "header",
            "description": "Brand for policy. [Ref Data: brands]",
            "required": false,
            "type": "string"
          },
          {
            "name": "X-Iag-Business-Source",
            "in": "header",
            "description": "Business source for policy.",
            "required": false,
            "type": "string"
          },
          {
            "name": "X-Iag-Consumer-System",
            "in": "header",
            "description": "Consumer system name. E.g. DIGITAL, SSC, ORBIT, etc",
            "required": false,
            "type": "string"
          },
          {
            "name": "X-Iag-Distribution-Channel",
            "in": "header",
            "description": "Distributor for policy. [Ref Data: distribution_channel]",
            "required": false,
            "type": "string"
          },
          {
            "name": "X-Iag-Jurisdiction",
            "in": "header",
            "description": "Jurisdiction for policy. [Ref Data: jurisdiction]",
            "required": false,
            "type": "string"
          },
          {
            "name": "X-Iag-Product",
            "in": "header",
            "description": "Type of product. [Ref Data: product]",
            "required": false,
            "type": "string"
          },
          {
            "name": "X-Iag-Sales-Channel",
            "in": "header",
            "description": "Requesting channel type. [Ref Data: sales_channel]",
            "required": false,
            "type": "string"
          },
          {
            "name": "X-Iag-Session-Id",
            "in": "header",
            "description": "Session id.",
            "required": false,
            "type": "string"
          },
          {
            "name": "X-Iag-User",
            "in": "header",
            "description": "The User. E.g. WEBNIIP, WEBWIIP, WEBSIIP, WEBZIIP, WEBCGU or Iag colleague&#x27;s staff id",
            "required": false,
            "type": "string"
          }
        ],
        "responses": {
          "200": {
            "description": "Data created successfully.",
            "schema": {
              "$ref": "#/definitions/BindAndIssueResponse"
            }
          },
          "400": {
            "description": "Request Invalid",
            "schema": {
              "$ref": "#/definitions/ErrorResponse"
            }
          },
          "401": {
            "description": "Authentication has failed",
            "schema": {
              "$ref": "#/definitions/ErrorResponse"
            }
          },
          "403": {
            "description": "The request is forbidden",
            "schema": {
              "$ref": "#/definitions/ErrorResponse"
            }
          },
          "422": {
            "description": "Request syntax is correct, but request data was unable to satisfy validation.",
            "schema": {
              "$ref": "#/definitions/BindAndIssueResponse"
            }
          },
          "500": {
            "description": "Unexpected server error",
            "schema": {
              "$ref": "#/definitions/ErrorResponse"
            }
          }
        }
      }
    }
  },
  "definitions": {
    "BankAccountDetails": {
      "type": "object",
      "properties": {
        "bsb": {
          "type": "string",
          "description": "Bank State Branch Number"
        },
        "name": {
          "type": "string",
          "description": "Customer Account Name"
        },
        "number": {
          "type": "string",
          "description": "Bank account number"
        }
      },
      "title": "BankAccountDetails"
    },
    "BindAndIssueRequest": {
      "type": "object",
      "properties": {
        "payments": {
          "description": "Payment details",
          "$ref": "#/definitions/PaymentDetails"
        },
        "transaction_number": {
          "type": "string",
          "example": "QTE1234567",
          "description": "Transaction Number, this can be Quote number or Transaction number based on the transction type"
        }
      },
      "title": "BindAndIssueRequest"
    },
    "BindAndIssueResponse": {
      "type": "object",
      "properties": {
        "payment_transaction": {
          "description": "Details of payment transaction",
          "$ref": "#/definitions/PaymentTransaction"
        },
        "policy_details": {
          "description": "Policy details",
          "$ref": "#/definitions/PolicyDetails"
        },
        "validation_messages": {
          "type": "array",
          "description": "List of validation messages",
          "items": {
            "$ref": "#/definitions/ValidationMessage"
          }
        }
      },
      "title": "BindAndIssueResponse"
    },
    "CardDetails": {
      "type": "object",
      "properties": {
        "card_holder_name": {
          "type": "string",
          "description": "Name of the card holder"
        },
        "nonce": {
          "type": "string",
          "description": "One time payment token for payment gateway"
        },
        "token": {
          "type": "string",
          "description": "Token associated with the card"
        }
      },
      "title": "CardDetails"
    },
    "ErrorResponse": {
      "type": "object",
      "properties": {
        "error_code": {
          "type": "integer",
          "format": "int32",
          "example": "200, 401, 403, 404, 500, etc....",
          "description": "Error Code returned. Possible Values are HTTP Status Codes"
        },
        "message": {
          "type": "string",
          "example": "Unauthorised access to API.",
          "description": "Message describing the error that occurred. This message, along with the HTTP code, should always provide enough description to consumers about what has gone wrong."
        },
        "trace_id": {
          "type": "string",
          "example": "281bcfd8cf392377",
          "description": "Trace Id for the exception scenario based on Zipkin Brave tracing"
        }
      },
      "title": "ErrorResponse"
    },
    "PayPalDetails": {
      "type": "object",
      "properties": {
        "receipt_number": {
          "type": "string",
          "example": 840843543,
          "description": "Payment receipt number for payments made via non card method such as Paypal"
        }
      },
      "title": "PayPalDetails"
    },
    "PaymentDetails": {
      "type": "object",
      "properties": {
        "payment_instruments": {
          "description": "Payment instruments",
          "$ref": "#/definitions/PaymentInstruments"
        }
      },
      "title": "PaymentDetails"
    },
    "PaymentDetailsResponse": {
      "type": "object",
      "properties": {
        "billing_plan": {
          "type": "string",
          "example": "Annual",
          "description": "Billing plan. [Ref Data: billing_plan]"
        },
        "payment_summary": {
          "description": "Payment summary details",
          "$ref": "#/definitions/PaymentSummary"
        }
      },
      "title": "PaymentDetailsResponse",
      "description": "Contains payment related information for the policy"
    },
    "PaymentInstruments": {
      "type": "object",
      "properties": {
        "bank_account_details": {
          "description": "Bank account details.",
          "$ref": "#/definitions/BankAccountDetails"
        },
        "card_details": {
          "description": "Payment card details. Can be credit or debit card",
          "$ref": "#/definitions/CardDetails"
        },
        "pay_pal_details": {
          "description": "Pay pal details",
          "$ref": "#/definitions/PayPalDetails"
        }
      },
      "title": "PaymentInstruments"
    },
    "PaymentSummary": {
      "type": "object",
      "properties": {
        "payment_status": {
          "type": "string",
          "description": "Payment status. [Ref Data: payment_status]"
        }
      },
      "title": "PaymentSummary"
    },
    "PaymentTransaction": {
      "type": "object",
      "properties": {
        "amount": {
          "type": "number",
          "format": "double",
          "example": 1500.0,
          "description": "The payment amount"
        },
        "decline_category": {
          "type": "string",
          "example": "INSUFFICIENT_FUND",
          "description": "The payment transaction decline category [Ref Data: payment_transaction_decline_category]"
        },
        "receipt_number": {
          "type": "string",
          "example": 840848888,
          "description": "The receipt number for this payment transaction"
        },
        "transaction_date": {
          "type": "string",
          "format": "date",
          "example": "2019-12-31",
          "description": "The payment transaction date"
        },
        "transaction_result": {
          "type": "string",
          "example": "DECLINED",
          "description": "The payment transaction result [Ref Data: payment_transaction_result]"
        }
      },
      "title": "PaymentTransaction"
    },
    "PolicyDates": {
      "type": "object",
      "properties": {
        "offer_creation_date": {
          "type": "string",
          "format": "date-time",
          "example": "2019-12-31T15:47:55.123+10:00",
          "description": "Date to support scenario where creation date is earlier than the term inception date. e.g. Renewal or Quote created earlier than term inception date."
        },
        "offer_expiry_date": {
          "type": "string",
          "format": "date-time",
          "example": "2019-12-31T15:47:55.123+10:00",
          "description": "Date to support scenario where expiry date happens later than the term expiry date.e.g. Renewal or Quote expires later than term expiry date."
        },
        "term_expiry_date": {
          "type": "string",
          "format": "date-time",
          "example": "2019-12-31T15:47:55.123+10:00",
          "description": "Term expiry date of the quote. For example, the renewal term expiry date"
        },
        "term_inception_date": {
          "type": "string",
          "format": "date-time",
          "example": "2019-08-30T15:47:55.123+10:00",
          "description": "Term inception date of the quote. For example, the renewal term start date"
        }
      },
      "title": "PolicyDates",
      "description": "Contains details for the policy term inception date"
    },
    "PolicyDetails": {
      "type": "object",
      "properties": {
        "payments": {
          "description": "Payment details of the policy",
          "$ref": "#/definitions/PaymentDetailsResponse"
        },
        "policy_dates": {
          "description": "Policy dates",
          "$ref": "#/definitions/PolicyDates"
        },
        "policy_history": {
          "description": "The policy history details",
          "$ref": "#/definitions/PolicyHistory"
        },
        "policy_number": {
          "type": "string",
          "example": "QTE1234567",
          "description": "Quote number or Policy number"
        },
        "status": {
          "type": "string",
          "example": "DRAFT",
          "description": "Status of the business entity. [Ref Data: quote_status, policy_status]"
        }
      },
      "title": "PolicyDetails",
      "description": "Contains details for the policy"
    },
    "PolicyHistory": {
      "type": "object",
      "properties": {
        "quote": {
          "description": "Quote Details",
          "$ref": "#/definitions/QuoteHistory"
        }
      },
      "title": "PolicyHistory"
    },
    "QuoteHistory": {
      "type": "object",
      "properties": {
        "quote_number": {
          "type": "string",
          "example": "QTE1234567",
          "description": "Quote number"
        }
      },
      "title": "QuoteHistory"
    },
    "ValidationMessage": {
      "type": "object",
      "properties": {
        "category": {
          "type": "string",
          "example": "validation_failed",
          "description": "Category of the message. (validation_failed | business_rule_failed | kickout ). &amp;#x60;validation_failed&amp;#x60; for validation rules and, &amp;#x60;business_rule_failed&amp;#x60; for referrals and &amp;#x27;kickout&amp;#x27; is business rule error which can&amp;#x27;t be fixed."
        },
        "code": {
          "type": "string",
          "example": "mandatory",
          "description": "Message code. (mandatory_value_missing | value_out_of_range | value_not_supported, etc)"
        },
        "description": {
          "type": "string",
          "example": "Vehicle year must be specified.",
          "description": "message description"
        },
        "exclusion_end_date_time": {
          "type": "string",
          "format": "date-time",
          "example": "2020-06-30T15:47:55.123+10:00",
          "description": "Exclusion end timestamp"
        },
        "field": {
          "type": "string",
          "example": "assets.vehicle_assets[0].vehicle.year",
          "description": "Path to field"
        },
        "rule_id": {
          "type": "string",
          "example": "V00010",
          "description": "Unique rule identifier."
        },
        "severity": {
          "type": "string",
          "example": "warning",
          "description": "severity of the message. (info | warning | error)"
        }
      },
      "title": "ValidationMessage"
    }
  }
}